title,english_title,type,episodes,duration,source,season,genres,tags,score,start_date,country_of_origin,complete_duration
DEATH NOTE,Death Note,TV,37.0,23.0,MANGA,FALL,Mystery;Psychological;Supernatural;Thriller,Crime;Detective;Anti-Hero;Male Protagonist;Police;Fugitive;Philosophy;Primarily Adult Cast;Kuudere;Gods,84.0,2006-10-04,JP,851.0
Death Parade,Death Parade,TV,12.0,23.0,ORIGINAL,WINTER,Drama;Mystery;Psychological;Supernatural;Thriller,Death Game;Philosophy;Amnesia;Memory Manipulation;Bar;Episodic;Primarily Adult Cast;Suicide;Gambling;Male Protagonist,80.0,2015-01-10,JP,276.0
Code Geass: Hangyaku no Lelouch,Code Geass: Lelouch of the Rebellion,TV,25.0,24.0,ORIGINAL,FALL,Action;Drama;Mecha;Sci-Fi;Thriller,Anti-Hero;War;Military;Class Struggle;Politics;Super Power;Revenge;Terrorism;Male Protagonist;Real Robot,85.0,2006-10-06,JP,600.0
Guilty Crown,Guilty Crown,TV,22.0,24.0,ORIGINAL,FALL,Action;Drama;Mecha;Psychological;Romance;Sci-Fi,Super Power;Terrorism;Dystopian;Pandemic;Post-Apocalyptic;Anti-Hero;Real Robot;Female Protagonist;Urban;Politics,69.0,2011-10-14,JP,528.0
Noragami,Noragami,TV,12.0,24.0,MANGA,WINTER,Action;Adventure;Comedy;Supernatural,Gods;Youkai;Urban Fantasy;Female Protagonist;Shounen;Mythology;Urban;Anti-Hero;Shapeshifting;Swordplay,77.0,2014-01-05,JP,288.0
Another,Another,TV,12.0,24.0,LIGHT_NOVEL,WINTER,Horror;Mystery;Psychological;Supernatural;Thriller,School;Gore;Memory Manipulation;Primarily Teen Cast;Urban Fantasy;Survival;Rural;Curses;Kuudere;Male Protagonist,70.0,2012-01-10,JP,288.0
No Game No Life,"No Game, No Life",TV,12.0,24.0,LIGHT_NOVEL,SPRING,Adventure;Comedy;Ecchi;Fantasy,Isekai;Gambling;Video Games;Hikikomori;Magic;Primarily Female Cast;Male Protagonist;Female Protagonist;Parody;Politics,77.0,2014-04-09,JP,288.0
CLAYMORE,Claymore,TV,26.0,23.0,MANGA,SPRING,Action;Adventure;Fantasy;Horror,Swordplay;Female Protagonist;Revenge;Primarily Female Cast;Gore;Demons;Kuudere;Primarily Adult Cast;Super Power;Tomboy,74.0,2007-04-04,JP,598.0
Black Clover,Black Clover,TV,170.0,24.0,MANGA,FALL,Action;Adventure;Comedy;Fantasy,Magic;Shounen;Found Family;Male Protagonist;Super Power;Ensemble Cast;Orphan;Revenge;Class Struggle;Demons,79.0,2017-10-03,JP,4080.0
Metal Fight Beyblade,Beyblade: Metal Fusion,TV,51.0,25.0,MANGA,SPRING,Adventure;Comedy;Sports,Male Protagonist;Kids;Proxy Battle;Battle Royale;CGI,68.0,2009-04-05,JP,1275.0
Bakugan Battle Brawlers,Bakugan Battle Brawlers,TV,52.0,24.0,ORIGINAL,SPRING,Action;Fantasy,Card Battle;Kaiju;Kids;Dragons;Primarily Child Cast;Proxy Battle;Dissociative Identities;Isekai;CGI,62.0,2007-04-05,JP,1248.0
K,K,TV,13.0,24.0,ORIGINAL,FALL,Action;Mystery;Supernatural,Gangs;Memory Manipulation;Super Power;Amnesia;Urban Fantasy;Shapeshifting;Urban;Revenge;Bar;Swordplay,71.0,2012-10-05,JP,312.0
Nanatsu no Taizai,The Seven Deadly Sins,TV,24.0,25.0,MANGA,FALL,Action;Adventure;Comedy;Ecchi;Fantasy;Supernatural,Ensemble Cast;Shounen;Magic;Demons;Male Protagonist;Heterosexual;Spearplay;Super Power;Swordplay;Anti-Hero,73.0,2014-10-05,JP,600.0
BTOOOM!,BTOOOM!,TV,12.0,24.0,MANGA,FALL,Action;Psychological;Sci-Fi,Battle Royale;Survival;Death Game;Video Games;Hikikomori;Gore;Seinen;Male Protagonist;Rape;Suicide,68.0,2012-10-04,JP,288.0
Seishun Buta Yarou wa Bunny Girl Senpai no Yume wo Minai,Rascal Does Not Dream of Bunny Girl Senpai,TV,13.0,25.0,LIGHT_NOVEL,FALL,Comedy;Drama;Mystery;Psychological;Romance;Supernatural,Urban Fantasy;Primarily Teen Cast;Male Protagonist;Heterosexual;Coming of Age;Primarily Female Cast;Memory Manipulation;Rehabilitation;Dissociative Identities;School,81.0,2018-10-04,JP,325.0
Shin Seiki Evangelion,Neon Genesis Evangelion,TV,26.0,24.0,ORIGINAL,FALL,Action;Drama;Mecha;Mystery;Psychological;Sci-Fi,Philosophy;Coming of Age;Super Robot;Denpa;Dystopian;Post-Apocalyptic;Angels;Psychosexual;Cosmic Horror;Kaiju,83.0,1995-10-03,JP,624.0
Shigatsu wa Kimi no Uso,Your lie in April,TV,22.0,23.0,MANGA,FALL,Drama;Music;Romance;Slice of Life,Classical Music;Primarily Teen Cast;Disability;Coming of Age;Rehabilitation;Male Protagonist;Shounen;Love Triangle;Female Protagonist;Heterosexual,84.0,2014-10-10,JP,506.0
Kimi no Na wa.,Your Name.,MOVIE,1.0,107.0,ORIGINAL,SUMMER,Drama;Romance;Supernatural,Urban Fantasy;Coming of Age;Memory Manipulation;Urban;Rural;Gender Bending;Heterosexual;Primarily Teen Cast;Environmental;Mythology,85.0,2016-08-26,JP,107.0
Hyouka,Hyouka,TV,22.0,26.0,LIGHT_NOVEL,SPRING,Mystery;Romance;Slice of Life,School Club;Detective;School;Male Protagonist;Primarily Teen Cast;Bowling;Coming of Age;Classic Literature;Episodic;Heterosexual,79.0,2012-04-23,JP,572.0
Plastic Memories,Plastic Memories,TV,13.0,24.0,ORIGINAL,SPRING,Drama;Romance;Sci-Fi;Slice of Life,Robots;Artificial Intelligence;Male Protagonist;Female Protagonist;Memory Manipulation;Kuudere;Urban;Work;Amnesia;Heterosexual,77.0,2015-04-05,JP,312.0
Angel Beats!,Angel Beats!,TV,13.0,24.0,ORIGINAL,SPRING,Action;Comedy;Drama;Supernatural,School;Amnesia;Primarily Teen Cast;Kuudere;Coming of Age;Memory Manipulation;Isekai;Boarding School;Male Protagonist;Ensemble Cast,77.0,2010-04-03,JP,312.0
Ano Hi Mita Hana no Namae wo Bokutachi wa Mada Shiranai.,Anohana: The Flower We Saw That Day,TV,11.0,22.0,ORIGINAL,SPRING,Drama;Romance;Slice of Life;Supernatural,Coming of Age;Ghost;Rehabilitation;Hikikomori;Love Triangle;Male Protagonist;Found Family;Rural;Primarily Teen Cast;Heterosexual,80.0,2011-04-15,JP,242.0
Seikaisuru Kado,KADO: The Right Answer,TV,13.0,24.0,ORIGINAL,SPRING,Sci-Fi;Supernatural;Thriller,Aliens;Politics;Philosophy;Full CGI;Urban;CGI;Primarily Adult Cast;Male Protagonist;Economics;Tsundere,64.0,2017-04-06,JP,312.0
serial experiments lain,Serial Experiments Lain,TV,13.0,23.0,ORIGINAL,SUMMER,Drama;Mystery;Psychological;Sci-Fi;Supernatural,Denpa;Virtual World;Philosophy;Dissociative Identities;Augmented Reality;Female Protagonist;Memory Manipulation;Artificial Intelligence;Software Development;Cyberpunk,80.0,1998-07-06,JP,299.0
MONSTER,Monster,TV,74.0,24.0,MANGA,SPRING,Drama;Horror;Mystery;Psychological;Thriller,Crime;Seinen;Detective;Philosophy;Ensemble Cast;Fugitive;Primarily Adult Cast;Noir;Twins;Memory Manipulation,88.0,2004-04-07,JP,1776.0
Overlord,Overlord,TV,13.0,24.0,LIGHT_NOVEL,SUMMER,Action;Adventure;Fantasy,Isekai;Anti-Hero;Skeleton;Virtual World;Magic;Medieval;Male Protagonist;Kingdom Management;Ensemble Cast;Demons,76.0,2015-07-07,JP,312.0
Steins;Gate,Steins;Gate,TV,24.0,24.0,VISUAL_NOVEL,SPRING,Drama;Psychological;Sci-Fi;Thriller,Time Loop;Conspiracy;Memory Manipulation;Male Protagonist;Urban;Dystopian;Primarily Adult Cast;Denpa;Philosophy;Dissociative Identities,89.0,2011-04-06,JP,576.0
Shingeki no Kyojin,Attack on Titan,TV,25.0,24.0,MANGA,SPRING,Action;Drama;Fantasy;Mystery,Kaiju;Revenge;Military;Post-Apocalyptic;Primarily Teen Cast;Super Power;Male Protagonist;Henshin;Gore;Swordplay,85.0,2013-04-07,JP,600.0
Tenki no Ko,Weathering With You,MOVIE,1.0,115.0,ORIGINAL,SUMMER,Drama;Romance;Slice of Life;Supernatural,Urban Fantasy;Urban;Orphan;Environmental;Female Protagonist;Male Protagonist;Fugitive;Family Life;Heterosexual;Found Family,81.0,2019-07-19,JP,115.0
Carole & Tuesday,Carole & Tuesday,TV,24.0,24.0,ORIGINAL,SPRING,Drama;Music;Sci-Fi,Band;Female Protagonist;Cyberpunk;Artificial Intelligence;Urban;Politics;Tanned Skin;Foreign;Dystopian;Post-Apocalyptic,76.0,2019-04-10,JP,576.0
Akame ga Kill!,Akame ga Kill!,TV,24.0,24.0,MANGA,SUMMER,Action;Adventure;Drama;Fantasy;Horror;Psychological;Thriller,Assassins;Shounen;Politics;Gore;Crime;Swordplay;Henshin;Super Power;Anti-Hero;Female Protagonist,72.0,2014-07-07,JP,576.0
Sword Art Online,Sword Art Online,TV,25.0,23.0,LIGHT_NOVEL,SUMMER,Action;Adventure;Fantasy;Romance,Virtual World;Death Game;Isekai;Video Games;Male Protagonist;Swordplay;Primarily Teen Cast;Heterosexual;Rescue;Primarily Female Cast,69.0,2012-07-08,JP,575.0
Dororo,Dororo,TV,24.0,24.0,MANGA,WINTER,Action;Adventure;Drama;Supernatural,Demons;Revenge;Disability;Swordplay;Samurai;Youkai;Estranged Family;Anti-Hero;Orphan;War,81.0,2019-01-07,JP,576.0
Rail Wars!,Rail Wars!,TV,12.0,24.0,LIGHT_NOVEL,SUMMER,Action;Ecchi;Romance,Trains;Police;Male Protagonist;Work;Heterosexual;Cute Girls Doing Cute Things;Nudity;Female Harem;Primarily Female Cast;Guns,59.0,2014-07-04,JP,288.0
Hachigatsu no Cinderella Nine,Cinderella Nine,TV,12.0,24.0,VIDEO_GAME,SPRING,Slice of Life;Sports,Baseball;School Club;Female Protagonist;School;Primarily Female Cast;Idol,56.0,2019-04-08,JP,288.0
Kakegurui,Kakegurui,TV,12.0,25.0,MANGA,SUMMER,Drama;Mystery;Psychological,Gambling;Female Protagonist;School;Primarily Female Cast;Masochism;Primarily Teen Cast;Ojou-sama;Body Horror;Poker;Anti-Hero,70.0,2017-07-01,JP,300.0
Ao no Exorcist,Blue Exorcist,TV,25.0,24.0,MANGA,SPRING,Action;Fantasy;Supernatural,Demons;Shounen;Super Power;Youkai;Male Protagonist;Twins;Exorcism;Religion;Urban Fantasy;Primarily Teen Cast,72.0,2011-04-17,JP,600.0
AMNESIA,AMNESIA,TV,12.0,23.0,VISUAL_NOVEL,WINTER,Fantasy;Mystery;Romance,Male Harem;Amnesia;Female Protagonist;Primarily Male Cast;Ensemble Cast;Urban;Work;Primarily Adult Cast;Heterosexual;Yandere,53.0,2013-01-07,JP,276.0
Go-toubun no Hanayome,The Quintessential Quintuplets,TV,12.0,24.0,MANGA,WINTER,Comedy;Drama;Romance;Slice of Life,Twins;Female Harem;Heterosexual;Male Protagonist;Primarily Teen Cast;School;Primarily Female Cast;Teacher;Ensemble Cast;Tsundere,75.0,2019-01-11,JP,288.0
Hagane no Renkinjutsushi: FULLMETAL ALCHEMIST,Fullmetal Alchemist: Brotherhood,TV,64.0,25.0,MANGA,SPRING,Action;Adventure;Drama;Fantasy,Alchemy;Conspiracy;Military;War;Shounen;Politics;Male Protagonist;Philosophy;Ensemble Cast;Coming of Age,90.0,2009-04-05,JP,1600.0
Kimetsu no Yaiba,Demon Slayer: Kimetsu no Yaiba,TV,26.0,24.0,MANGA,SPRING,Action;Adventure;Drama;Fantasy;Supernatural,Demons;Shounen;Swordplay;Male Protagonist;Vampire;Primarily Teen Cast;Travel;Monster Girl;Revenge;Orphan,82.0,2019-04-06,JP,624.0
"Kimi to, Nami ni Noretara",Ride Your Wave,MOVIE,1.0,94.0,ORIGINAL,SPRING,Drama;Fantasy;Romance,Surfing;Female Protagonist;Coming of Age;Ghost;Coastal;Heterosexual;Swimming;Urban Fantasy;Primarily Adult Cast;Firefighters,75.0,2019-06-21,JP,94.0
Assassins Pride,ASSASSINS PRIDE,TV,12.0,24.0,LIGHT_NOVEL,FALL,Action;Comedy;Drama;Fantasy;Mystery;Romance,Magic;Assassins;Primarily Female Cast;Male Protagonist;Vampire;Swordplay;Steampunk;Bullying;Battle Royale;Female Protagonist,57.0,2019-10-10,JP,288.0
Babylon,BABYLON,TV,12.0,23.0,OTHER,FALL,Drama;Mystery;Psychological;Thriller,Suicide;Urban Fantasy;Police;Philosophy;Urban;Male Protagonist;Conspiracy;Politics;Crime;Primarily Adult Cast,64.0,2019-10-07,JP,276.0
Mahou Shoujo Site,MAGICAL GIRL SITE,TV,12.0,25.0,MANGA,SPRING,Action;Drama;Horror;Mahou Shoujo;Psychological;Supernatural,Magic;Female Protagonist;Bullying;Primarily Female Cast;Revenge;Battle Royale;Witch;Yuri;Primarily Teen Cast;Urban Fantasy,60.0,2018-04-07,JP,300.0
Yakusoku no Neverland,The Promised Neverland,TV,12.0,23.0,MANGA,WINTER,Drama;Fantasy;Horror;Mystery;Psychological;Thriller,Dystopian;Survival;Primarily Child Cast;Orphan;Found Family;Demons;Coming of Age;Female Protagonist;Gore;Ensemble Cast,83.0,2019-01-10,JP,276.0
Charlotte,,TV,13.0,24.0,ORIGINAL,SUMMER,Comedy;Drama;Romance;Sci-Fi;Supernatural,Super Power;Urban Fantasy;Primarily Teen Cast;Male Protagonist;Urban;School Club;School;Amnesia;Tsundere;Dissociative Identities,75.0,2015-07-05,JP,312.0
Made in Abyss,Made in Abyss,TV,13.0,25.0,MANGA,SUMMER,Adventure;Drama;Fantasy;Horror;Mystery;Sci-Fi,Survival;Outdoor Activities;Primarily Child Cast;Environmental;Travel;Chibi;Body Horror;Lost Civilization;Dungeon;Philosophy,85.0,2017-07-07,JP,325.0
Fate/Apocrypha,Fate/Apocrypha,TV,25.0,24.0,LIGHT_NOVEL,SUMMER,Action;Drama;Fantasy;Supernatural,Battle Royale;Urban Fantasy;Mythology;War;Magic;Spearplay;Religion;Dissociative Identities;Crossdressing;Foreign,69.0,2017-07-02,JP,600.0
Pocket Monsters,Pokémon,TV,276.0,24.0,VIDEO_GAME,SPRING,Action;Adventure;Comedy;Fantasy,Proxy Battle;Travel;Creature Taming;Animals;Primarily Child Cast;Kids;Episodic;Male Protagonist;Slavery;Slapstick,72.0,1997-04-01,JP,6624.0
91Days,91 Days,TV,12.0,24.0,ORIGINAL,SUMMER,Action;Drama;Psychological,Revenge;Mafia;Crime;Male Protagonist;Gangs;Anti-Hero;Noir;Foreign;Guns;Assassins,76.0,2016-07-09,JP,288.0
Mirai Nikki,The Future Diary,TV,26.0,23.0,MANGA,FALL,Action;Horror;Mystery;Psychological;Supernatural;Thriller,Battle Royale;Death Game;Survival;Yandere;Psychosexual;Slapstick;Body Horror;Gore;Gods;Male Protagonist,68.0,2011-10-09,JP,598.0
Shiki,Shiki,TV,22.0,23.0,OTHER,SUMMER,Horror;Mystery;Supernatural;Thriller,Vampire;Survival;Rural;Anti-Hero;Ensemble Cast;Philosophy;Denpa;Zombie;Gore;Urban Fantasy,75.0,2010-07-09,JP,506.0
B: The Beginning,B: The Beginning,ONA,12.0,26.0,ORIGINAL,WINTER,Action;Mystery;Psychological;Supernatural;Thriller,Police;Crime;Revenge;Detective;Primarily Adult Cast;Fugitive;Terrorism;Amnesia;Body Horror;Foreign,69.0,2018-03-02,JP,312.0
ID: INVADED,ID: INVADED,TV,13.0,25.0,ORIGINAL,WINTER,Drama;Mystery;Psychological;Sci-Fi;Thriller,Detective;Virtual World;Crime;Police;Memory Manipulation;Augmented Reality;Urban Fantasy;Prison;Primarily Adult Cast;Male Protagonist,77.0,2020-01-06,JP,325.0
pet,pet,TV,13.0,24.0,MANGA,WINTER,Drama;Psychological;Supernatural,Memory Manipulation;Primarily Adult Cast;Super Power;Gangs;Seinen;Triads;Disability;Primarily Male Cast;Mafia;Urban,59.0,2020-01-06,JP,312.0
Darwin's Game,Darwin's Game,TV,11.0,24.0,MANGA,WINTER,Action;Mystery;Sci-Fi;Thriller,Death Game;Survival;Super Power;Battle Royale;Male Protagonist;Yandere;Shounen;Urban;Gangs;Gore,70.0,2020-01-04,JP,264.0
Itai no wa Iya nano de Bougyoryoku ni Kyokufuri Shitai to Omoimasu.,"BOFURI: I Don't Want to Get Hurt, so I'll Max Out My Defense.",TV,12.0,24.0,LIGHT_NOVEL,WINTER,Action;Adventure;Comedy;Fantasy;Slice of Life,Video Games;Virtual World;Female Protagonist;Cute Girls Doing Cute Things;Primarily Female Cast;Magic;Henshin;Parody;Animals;Swordplay,74.0,2020-01-08,JP,288.0
Jibaku Shounen Hanako-kun,Toilet-bound Hanako-kun,TV,12.0,24.0,MANGA,WINTER,Action;Comedy;Drama;Mystery;Supernatural,Ghost;Youkai;Mythology;School;Female Protagonist;Primarily Teen Cast;Male Protagonist;Urban Fantasy;Twins;Episodic,77.0,2020-01-10,JP,288.0
Infinite Dendrogram,Infinite Dendrogram,TV,13.0,24.0,LIGHT_NOVEL,WINTER,Action;Adventure;Fantasy,Virtual World;Isekai;Video Games;Artificial Intelligence;Male Protagonist;Shapeshifting;Magic;Chimera;Real Robot;Crossdressing,59.0,2020-01-09,JP,312.0
Arte,Arte,TV,12.0,24.0,MANGA,SPRING,Drama;Romance;Slice of Life,Drawing;Female Protagonist;Historical;Foreign;Work;Coming of Age;Primarily Adult Cast;Seinen;Medieval;Educational,69.0,2020-04-04,JP,288.0
Gleipnir,Gleipnir,TV,13.0,24.0,MANGA,SPRING,Action;Ecchi;Mystery;Supernatural,Aliens;Shapeshifting;Memory Manipulation;Primarily Teen Cast;Anti-Hero;Urban Fantasy;Psychosexual;Death Game;Gore;Body Horror,66.0,2020-04-05,JP,312.0
"Hachi-nan tte, Sore wa Nai deshou!",The 8th Son? Are You Kidding Me?,TV,12.0,24.0,LIGHT_NOVEL,SPRING,Adventure;Fantasy,Magic;Male Protagonist;Isekai;Martial Arts;Politics;Female Harem;Conspiracy;Dragons;CGI;Kingdom Management,61.0,2020-04-02,JP,288.0
Kami no Tou: Tower of God,Tower of God,TV,13.0,25.0,MANGA,SPRING,Action;Adventure;Drama;Fantasy;Mystery,Super Power;Male Protagonist;Survival;Conspiracy;Magic;Ensemble Cast;Cultivation;Shounen;Battle Royale;Revenge,74.0,2020-04-02,JP,325.0
Otome Game no Hametsu Flag shika Nai Akuyaku Reijou ni Tensei shiteshimatta…,My Next Life as a Villainess: All Routes Lead to Doom!,TV,12.0,25.0,LIGHT_NOVEL,SPRING,Comedy;Fantasy;Romance;Slice of Life,Mixed Gender Harem;Isekai;Female Protagonist;Villainess;Ensemble Cast;Ojou-sama;Maids;Medieval;Bisexual;Royal Affairs,73.0,2020-04-05,JP,300.0
Princess Connect! Re:Dive,Princess Connect! Re:Dive,TV,13.0,24.0,VIDEO_GAME,SPRING,Adventure;Comedy;Fantasy,Primarily Female Cast;Food;Cute Girls Doing Cute Things;Memory Manipulation;Magic;Elf;Amnesia;Ensemble Cast;Nekomimi;Kemonomimi,69.0,2020-04-07,JP,312.0
Yesterday wo Utatte,"SING ""YESTERDAY"" FOR ME",TV,12.0,23.0,MANGA,SPRING,Drama;Romance;Slice of Life,Love Triangle;Coming of Age;Heterosexual;Primarily Adult Cast;Konbini;Seinen;Unrequited Love;Male Protagonist;Urban;Work,67.0,2020-04-05,JP,276.0
NARUTO,Naruto,TV,220.0,23.0,MANGA,FALL,Action;Adventure;Comedy;Drama;Fantasy;Supernatural,Ninja;Shounen;Coming of Age;Male Protagonist;Super Power;Orphan;Cultivation;Martial Arts;Revenge;Found Family,80.0,2002-10-03,JP,5060.0
BORUTO: NARUTO NEXT GENERATIONS,Boruto: Naruto Next Generations,TV,293.0,24.0,MANGA,SPRING,Action;Adventure;Fantasy,Shounen;Ninja;Super Power;Male Protagonist;Primarily Child Cast;Swordplay;Battle Royale;Gods;Martial Arts;Aliens,56.0,2017-04-05,JP,7032.0
Prison School,Prison School,TV,12.0,24.0,MANGA,SUMMER,Comedy;Ecchi,School;Surreal Comedy;Prison;Parody;Nudity;Male Protagonist;Large Breasts;Heterosexual;Slapstick;Ensemble Cast,73.0,2015-07-11,JP,288.0
Byousoku 5 Centimeter,5 Centimeters per Second,MOVIE,3.0,22.0,ORIGINAL,WINTER,Drama;Romance;Slice of Life,Coming of Age;Heterosexual;Unrequited Love;Denpa;Travel;Trains;Male Protagonist;Female Protagonist;School;Surfing,71.0,2007-02-11,JP,66.0
Corpse Party: Tortured Souls - Bougyakusareta Tamashii no Jukyou,Corpse Party,OVA,4.0,29.0,VIDEO_GAME,SUMMER,Horror;Mystery;Supernatural,Ghost;Gore;School;Isekai;Body Horror;Memory Manipulation;Primarily Teen Cast;Skeleton;Female Protagonist;Ensemble Cast,59.0,2013-07-24,JP,116.0
Himouto! Umaru-chan,Himouto! Umaru-chan,TV,12.0,24.0,MANGA,SUMMER,Comedy;Slice of Life,Otaku Culture;Chibi;Cute Girls Doing Cute Things;Family Life;Female Protagonist;Primarily Female Cast;Urban;Ensemble Cast;Parody;School,67.0,2015-07-09,JP,288.0
Zetsuen no Tempest,Blast of Tempest,TV,24.0,24.0,MANGA,FALL,Action;Drama;Fantasy;Mystery;Romance,Urban Fantasy;Revenge;Magic;Love Triangle;Anti-Hero;Heterosexual;Classic Literature;Male Protagonist;Suicide;Shounen,76.0,2012-10-05,JP,576.0
School Days (TV),School Days (TV),TV,12.0,25.0,VISUAL_NOVEL,SUMMER,Drama;Psychological;Romance,Netorare;Love Triangle;Hypersexuality;Female Harem;School;Male Protagonist;Yandere;Heterosexual;Cheating;Primarily Teen Cast,49.0,2007-07-04,JP,300.0
CONCEPTION,Conception,TV,12.0,24.0,VIDEO_GAME,FALL,Action;Adventure;Fantasy;Romance,Female Harem;Isekai;Heterosexual;Incest;Primarily Female Cast;Parody;Primarily Child Cast;Meta;Animals;Monster Girl,39.0,2018-10-10,JP,288.0
"Maou-sama, Retry!","Demon Lord, Retry!",TV,12.0,24.0,LIGHT_NOVEL,SUMMER,Action;Adventure;Comedy;Fantasy,Isekai;Male Protagonist;Magic;Demons;Anti-Hero;Parody;Female Harem;Primarily Female Cast;Shapeshifting;Crossdressing,62.0,2019-07-04,JP,288.0
Pan de Peace!,,TV_SHORT,13.0,3.0,MANGA,SPRING,Comedy;Slice of Life,Cute Girls Doing Cute Things;Food;Primarily Female Cast;School;Seinen;Female Protagonist;Chuunibyou,53.0,2016-04-03,JP,39.0
Watashi ni Tenshi ga Maiorita!,WATATEN!: an Angel Flew Down to Me,TV,12.0,24.0,MANGA,WINTER,Comedy;Slice of Life,Female Protagonist;Cute Girls Doing Cute Things;Primarily Female Cast;Primarily Child Cast;Cosplay;Family Life;Yuri;Hikikomori;School;Food,70.0,2019-01-08,JP,288.0
Phantom: Requiem for the Phantom,Phantom: Requiem for the Phantom,TV,26.0,24.0,VISUAL_NOVEL,SPRING,Action;Drama;Thriller,Amnesia;Anti-Hero;Assassins;Noir;Mafia;Coming of Age;Crime;Guns;Memory Manipulation;Heterosexual,75.0,2009-04-03,JP,624.0
DARKER THAN BLACK: Kuro no Keiyakusha,Darker than Black,TV,25.0,24.0,ORIGINAL,SPRING,Action;Mystery;Sci-Fi,Super Power;Anti-Hero;Crime;Noir;Urban;Assassins;Conspiracy;Terrorism;Urban Fantasy;Police,77.0,2007-04-06,JP,600.0
Tokyo Magnitude 8.0,Tokyo Magnitude 8.0,TV,11.0,22.0,ORIGINAL,SUMMER,Drama,Urban;Survival;Primarily Child Cast;Natural Disaster;Female Protagonist;Family Life;Post-Apocalyptic;Ghost;Rescue;Coming of Age,77.0,2009-07-10,JP,242.0
HELLSING OVA,Hellsing Ultimate,OVA,10.0,50.0,MANGA,WINTER,Action;Horror;Supernatural,Vampire;Gore;Seinen;Urban Fantasy;War;Foreign;Anti-Hero;Primarily Adult Cast;Religion;Military,81.0,2006-02-10,JP,500.0
Satsuriku no Tenshi,Angels of Death,TV,12.0,24.0,VIDEO_GAME,SUMMER,Action;Adventure;Horror;Psychological;Thriller,Survival;Anti-Hero;Amnesia;Foreign;Assassins;Female Protagonist;Religion;Death Game;Orphan;Denpa,67.0,2018-07-06,JP,288.0
Devil May Cry,Devil May Cry,TV,12.0,24.0,VIDEO_GAME,SUMMER,Action;Fantasy,Demons;Male Protagonist;Body Horror;Video Games;Guns;Episodic;Gore,66.0,2007-06-14,JP,288.0
Mob Psycho 100,Mob Psycho 100,TV,12.0,24.0,MANGA,SUMMER,Action;Comedy;Drama;Psychological;Slice of Life;Supernatural,Super Power;Coming of Age;Urban Fantasy;Philosophy;Ghost;Primarily Teen Cast;Satire;Parody;Male Protagonist;Urban,84.0,2016-07-12,JP,288.0
Blend S,BLEND-S,TV,12.0,24.0,MANGA,FALL,Comedy;Slice of Life,Work;Cute Girls Doing Cute Things;Primarily Female Cast;Female Protagonist;Sadism;Restaurant;Maids;Tsundere;Cosplay;Masochism,70.0,2017-10-08,JP,288.0
Long Riders!,,TV,12.0,24.0,MANGA,FALL,Comedy;Slice of Life;Sports,Cycling;Female Protagonist;Primarily Female Cast;Cute Girls Doing Cute Things;Outdoor Activities;College;Fitness;Food;CGI;Work,63.0,2016-10-08,JP,288.0
Slow Start,Slow Start,TV,12.0,24.0,MANGA,WINTER,Comedy;Slice of Life,Primarily Female Cast;School;Cute Girls Doing Cute Things;Female Protagonist;Seinen;Hikikomori;Yuri,68.0,2018-01-07,JP,288.0
Mangirl!,,TV_SHORT,13.0,4.0,MANGA,WINTER,Comedy;Slice of Life,Work;Meta;Drawing;Primarily Female Cast;Cute Girls Doing Cute Things;Otaku Culture;Primarily Adult Cast;Female Protagonist;Cosplay;Nudity,56.0,2013-01-03,JP,52.0
Takunomi.,Takunomi,TV_SHORT,12.0,13.0,MANGA,WINTER,Comedy;Slice of Life,Primarily Female Cast;Primarily Adult Cast;Food;Cute Girls Doing Cute Things;Educational;Female Protagonist;Office Lady;Office;Work;Shounen,61.0,2018-01-12,JP,156.0
Inuyashiki,INUYASHIKI LAST HERO,TV,11.0,23.0,MANGA,FALL,Action;Drama;Psychological;Sci-Fi,Super Power;Seinen;Cyborg;Elderly Protagonist;Male Protagonist;CGI;Robots;Anti-Hero;Urban Fantasy;Urban,74.0,2017-10-13,JP,253.0
THE GOD OF HIGH SCHOOL,The God of High School,TV,13.0,24.0,MANGA,SUMMER,Action;Fantasy,Martial Arts;Gods;Urban Fantasy;Super Power;Shounen;Male Protagonist;Cult;Rotoscoping;Foreign;Primarily Teen Cast,69.0,2020-07-06,JP,312.0
Appare-Ranman!,APPARE-RANMAN!,TV,13.0,24.0,ORIGINAL,SPRING,Action;Adventure;Comedy,Cars;Historical;Foreign;Steampunk;Primarily Male Cast;Travel;Male Protagonist;Guns;Anachronism;Swordplay,70.0,2020-04-10,JP,312.0
Vatican Kiseki Chousakan,Vatican Miracle Examiner,TV,12.0,24.0,LIGHT_NOVEL,SUMMER,Drama;Mystery;Supernatural,Religion;Foreign;Male Protagonist;Nun;Drugs;Angels;Magic;Cult;Mythology;Exorcism,57.0,2017-07-07,JP,288.0
NEW GAME!!,NEW GAME!!,TV,12.0,24.0,MANGA,SUMMER,Comedy;Slice of Life,Cute Girls Doing Cute Things;Work;Video Games;Software Development;Primarily Adult Cast;Primarily Female Cast;Female Protagonist;Ensemble Cast;Office;Office Lady,76.0,2017-07-11,JP,288.0
Princess Principal,Princess Principal,TV,12.0,24.0,ORIGINAL,SUMMER,Action;Adventure;Sci-Fi,Espionage;Steampunk;Female Protagonist;Foreign;Primarily Female Cast;Achronological Order;Suicide;LGBTQ+ Themes;Episodic;Urban Fantasy,75.0,2017-07-09,JP,288.0
Higurashi no Naku Koro ni,When They Cry,TV,26.0,24.0,VISUAL_NOVEL,SPRING,Horror;Mystery;Psychological;Supernatural;Thriller,Denpa;Ensemble Cast;Time Loop;Conspiracy;Rural;Achronological Order;Gore;Body Horror;Chibi;Bullying,75.0,2006-04-05,JP,624.0
Bakuman.,Bakuman.,TV,25.0,24.0,MANGA,FALL,Comedy;Drama;Romance;Slice of Life,Work;Writing;Drawing;Coming of Age;Ensemble Cast;Male Protagonist;Heterosexual;Meta;Shounen;School,79.0,2010-10-02,JP,600.0
Mahou Shoujo Madoka☆Magica,Puella Magi Madoka Magica,TV,12.0,24.0,ORIGINAL,WINTER,Action;Drama;Fantasy;Mahou Shoujo;Psychological;Thriller,Magic;Female Protagonist;Witch;Primarily Female Cast;Cosmic Horror;Urban Fantasy;Philosophy;Time Loop;Primarily Teen Cast;Henshin,83.0,2011-01-07,JP,288.0
Youjo Senki,Saga of Tanya the Evil,TV,12.0,24.0,LIGHT_NOVEL,WINTER,Action;Fantasy,Military;War;Anti-Hero;Female Protagonist;Religion;Revenge;Isekai;Gods;Magic;Primarily Adult Cast,77.0,2017-01-06,JP,288.0
Shuumatsu no Izetta,Izetta: The Last Witch,TV,12.0,25.0,ORIGINAL,FALL,Action;Drama,Female Protagonist;Foreign;Witch;Politics;Magic;Military;War;Aviation;Anachronism;Guns,66.0,2016-10-01,JP,300.0
Shoujo Shuumatsu Ryokou,Girls' Last Tour,TV,12.0,24.0,MANGA,FALL,Adventure;Sci-Fi;Slice of Life,Post-Apocalyptic;Lost Civilization;Philosophy;Episodic;Iyashikei;Travel;Female Protagonist;Environmental;Urban;Survival,81.0,2017-10-06,JP,288.0
Tensei Shitara Slime Datta Ken,That Time I Got Reincarnated as a Slime,TV,24.0,24.0,LIGHT_NOVEL,FALL,Action;Adventure;Comedy;Fantasy,Isekai;Found Family;Magic;Kingdom Management;Super Power;Shapeshifting;Economics;Ensemble Cast;Clone;Politics,80.0,2018-10-02,JP,576.0
Goblin Slayer,GOBLIN SLAYER,TV,12.0,24.0,LIGHT_NOVEL,FALL,Action;Adventure;Fantasy,Goblin;Revenge;Gore;Male Protagonist;Rape;Primarily Adult Cast;Magic;Dungeon;Elf;Survival,71.0,2018-10-07,JP,288.0
VINLAND SAGA,Vinland Saga,TV,24.0,24.0,MANGA,SUMMER,Action;Adventure;Drama,Vikings;Revenge;Foreign;Historical;Male Protagonist;Philosophy;War;Coming of Age;Seinen;Primarily Male Cast,87.0,2019-07-08,JP,576.0
Kiseijuu: Sei no Kakuritsu,Parasyte -the maxim-,TV,24.0,24.0,MANGA,FALL,Action;Drama;Horror;Psychological;Sci-Fi,Body Horror;Shapeshifting;Survival;Aliens;Male Protagonist;Philosophy;Seinen;Gore;Anti-Hero;Revenge,81.0,2014-10-09,JP,576.0
Akuma no Riddle,Riddle Story of Devil,TV,12.0,24.0,MANGA,SPRING,Action;Drama,Assassins;Survival;Female Protagonist;Primarily Female Cast;Death Game;Boarding School;Battle Royale;School;Yuri;Seinen,63.0,2014-04-04,JP,288.0
Adachi to Shimamura,Adachi and Shimamura,TV,12.0,24.0,LIGHT_NOVEL,FALL,Romance;Slice of Life,Female Protagonist;Primarily Female Cast;Yuri;Coming of Age;LGBTQ+ Themes;School;Primarily Teen Cast;Cute Girls Doing Cute Things;Iyashikei;Unrequited Love,70.0,2020-10-09,JP,288.0
Akudama Drive,Akudama Drive,TV,12.0,24.0,ORIGINAL,FALL,Action;Drama;Sci-Fi;Thriller,Anti-Hero;Urban;Crime;Cyberpunk;Fugitive;Dystopian;Female Protagonist;Ensemble Cast;Primarily Adult Cast;Prison,75.0,2020-10-08,JP,288.0
Higurashi no Naku Koro ni Gou,Higurashi: When They Cry - GOU,TV,24.0,24.0,ORIGINAL,FALL,Drama;Horror;Mystery;Psychological;Supernatural;Thriller,Denpa;Female Protagonist;Yandere;Torture;Conspiracy;Achronological Order;Coming of Age;Rural;Anti-Hero;Gore,69.0,2020-10-01,JP,576.0
Jujutsu Kaisen,JUJUTSU KAISEN,TV,24.0,24.0,MANGA,FALL,Action;Drama;Supernatural,Urban Fantasy;Shounen;Youkai;Super Power;Curses;Male Protagonist;Primarily Teen Cast;Exorcism;Dissociative Identities;Demons,84.0,2020-10-03,JP,576.0
Maesetsu!,Maesetsu! Opening Act,TV,12.0,24.0,ORIGINAL,FALL,Comedy;Slice of Life,Cute Girls Doing Cute Things;Work;Primarily Female Cast;Female Protagonist;Gyaru;Parody;Primarily Adult Cast;School;College;Food,53.0,2020-10-11,JP,288.0
NOBLESSE,Noblesse,TV,13.0,24.0,MANGA,FALL,Action;Supernatural,Urban Fantasy;War;Super Power;Vampire;Shounen;School;Ensemble Cast;Werewolf;Memory Manipulation;Cult,66.0,2020-10-08,JP,312.0
Iwa Kakeru!: Sport Climbing Girls,Iwakakeru -Sport Climbing Girls-,TV,12.0,24.0,MANGA,FALL,Comedy;Drama;Sports,School Club;Athletics;Female Protagonist;Primarily Female Cast;Fitness;Tsundere;School;Mountaineering;Tomboy;Educational,61.0,2020-10-04,JP,288.0
Itou Junji: Collection,Junji Ito Collection,TV,12.0,24.0,MANGA,WINTER,Drama;Horror;Mystery;Psychological;Supernatural,Anthology;Episodic;Gore;Body Horror;Ghost;Demons;School;Super Power;Cosmic Horror;Crime,63.0,2018-01-05,JP,288.0
Boku no Hero Academia,My Hero Academia,TV,13.0,24.0,MANGA,SPRING,Action;Adventure;Comedy,Super Power;Superhero;Shounen;Primarily Teen Cast;Male Protagonist;Urban Fantasy;School;Ensemble Cast;Coming of Age;Bullying,76.0,2016-04-03,JP,312.0
Yuru Yuri♪♪,YuruYuri Season 2,TV,12.0,23.0,MANGA,SUMMER,Comedy;Slice of Life,Slapstick;Cute Girls Doing Cute Things;Primarily Female Cast;School;Yuri;Female Protagonist;Surreal Comedy;Primarily Child Cast;School Club;Love Triangle,77.0,2012-07-03,JP,276.0
Zombie-Loan,Zombie Loan,TV,11.0,23.0,MANGA,SUMMER,Action;Horror;Supernatural,Urban Fantasy;Zombie;Super Power;Shounen;Female Protagonist;Mafia;Gore;Kuudere,62.0,2007-07-04,JP,253.0
HERO MASK,HERO MASK,ONA,15.0,24.0,ORIGINAL,FALL,Action;Mystery;Sci-Fi;Thriller,Police;Cars;Guns;Super Power;Urban;Primarily Adult Cast;Conspiracy;Motorcycles,59.0,2018-12-03,JP,360.0
Nihon Chinbotsu: 2020,Japan Sinks: 2020,ONA,10.0,25.0,OTHER,SUMMER,Drama;Sci-Fi,Survival;Coming of Age;Disability;Natural Disaster;Post-Apocalyptic;Language Barrier;Outdoor Activities;Family Life;Female Protagonist;Coastal,63.0,2020-07-09,JP,250.0
Kill la Kill,Kill la Kill,TV,24.0,24.0,ORIGINAL,FALL,Action;Comedy;Ecchi,Henshin;Female Protagonist;Revenge;Psychosexual;Incest;Nudity;Parody;Surreal Comedy;Class Struggle;Dystopian,79.0,2013-10-04,JP,576.0
BNA,BNA,ONA,12.0,23.0,ORIGINAL,SPRING,Action;Comedy;Fantasy,Animals;Shapeshifting;Anthropomorphism;Kemonomimi;Conspiracy;Female Protagonist;Urban Fantasy;Politics;Detective;Cult,72.0,2020-03-21,JP,276.0
Tenkuu Shinpan,High-Rise Invasion,ONA,12.0,25.0,MANGA,WINTER,Action;Horror;Mystery,Survival;Death Game;Battle Royale;Female Protagonist;Suicide;Memory Manipulation;Gods;Urban;Amnesia;Guns,65.0,2021-02-25,JP,300.0
BLACK LAGOON,Black Lagoon,TV,12.0,24.0,MANGA,SPRING,Action;Adventure;Drama;Thriller,Crime;Guns;Seinen;Primarily Adult Cast;Pirates;Anti-Hero;Gangs;Travel;Ensemble Cast;Mafia,78.0,2006-04-09,JP,288.0
Sakura Trick,Sakura Trick,TV,12.0,24.0,MANGA,WINTER,Comedy;Romance;Slice of Life,Yuri;Primarily Female Cast;Cute Girls Doing Cute Things;Female Protagonist;Primarily Teen Cast;LGBTQ+ Themes;School;Love Triangle;Kuudere;Seinen,66.0,2014-01-10,JP,288.0
Horimiya,Horimiya,TV,13.0,24.0,MANGA,WINTER,Comedy;Romance;Slice of Life,School;Family Life;Male Protagonist;Female Protagonist;Heterosexual;Ensemble Cast;Coming of Age;Primarily Teen Cast;Tsundere;Slapstick,81.0,2021-01-10,JP,312.0
Kai Byoui Ramune,Dr. Ramune -Mysterious Disease Specialist-,TV,12.0,24.0,MANGA,WINTER,Drama;Psychological;Supernatural,Urban Fantasy;Male Protagonist;Magic;Episodic;Satire;Food;Medicine;Disability;Ghost;Shounen,69.0,2021-01-10,JP,288.0
Mushoku Tensei: Isekai Ittara Honki Dasu,Mushoku Tensei: Jobless Reincarnation,TV,11.0,24.0,LIGHT_NOVEL,WINTER,Adventure;Drama;Ecchi;Fantasy,Isekai;Magic;Male Protagonist;Rehabilitation;Coming of Age;Travel;Age Regression;Virginity;Heterosexual;Family Life,82.0,2021-01-11,JP,264.0
Wonder Egg Priority,WONDER EGG PRIORITY,TV,12.0,23.0,ORIGINAL,WINTER,Action;Drama;Fantasy;Mystery;Psychological;Sci-Fi;Thriller,Female Protagonist;Primarily Female Cast;Urban Fantasy;Suicide;Bullying;Coming of Age;Primarily Teen Cast;Denpa;Philosophy;Ensemble Cast,73.0,2021-01-13,JP,276.0
Kemono Jihen,Kemono Jihen,TV,12.0,24.0,MANGA,WINTER,Action;Drama;Mystery;Supernatural,Monster Boy;Youkai;Primarily Child Cast;Male Protagonist;Demons;Urban Fantasy;Shounen;Kemonomimi;Femboy;Primarily Male Cast,72.0,2021-01-10,JP,288.0
Praeter no Kizu,Scar on the Praeter,TV,13.0,24.0,OTHER,WINTER,Action;Fantasy;Sci-Fi,Primarily Male Cast;Ensemble Cast;CGI;Guns;Super Power;Urban;Crime;Primarily Adult Cast;Male Protagonist,52.0,2021-01-09,JP,312.0
Kaifuku Jutsushi no Yarinaoshi,Redo of Healer,TV,12.0,24.0,LIGHT_NOVEL,WINTER,Action;Adventure;Ecchi;Fantasy,Revenge;Sadism;Rape;Threesome;Nudity;Anti-Hero;Male Protagonist;Torture;Bullying;Magic,57.0,2021-01-13,JP,288.0
Gokushufudou,The Way of the Househusband,ONA,5.0,17.0,MANGA,SPRING,Comedy;Slice of Life,Slapstick;Yakuza;Male Protagonist;Episodic;Family Life;Parody;Gangs;Primarily Adult Cast;Seinen;Flash,71.0,2021-04-08,JP,85.0
Miru Tights,,ONA,12.0,5.0,ORIGINAL,SPRING,Ecchi;Slice of Life,Feet;Female Protagonist;Primarily Female Cast;School;Episodic;Cute Girls Doing Cute Things;Teacher;Yuri;Nudity;POV,61.0,2019-05-11,JP,60.0
Yasuke,Yasuke,ONA,6.0,29.0,ORIGINAL,SPRING,Action;Fantasy;Mecha;Sci-Fi,Samurai;Swordplay;Anachronism;Historical;Magic;CGI;Male Protagonist;Robots;Military;War,56.0,2021-04-29,JP,174.0
Komori-san wa Kotowarenai!,Komori-san Can't Decline!,TV_SHORT,12.0,2.0,MANGA,FALL,Comedy;Slice of Life,School;Primarily Teen Cast;Female Protagonist;Seinen;Slapstick;Cute Girls Doing Cute Things,60.0,2015-10-04,JP,24.0
Suzumiya Haruhi no Yuuutsu,The Melancholy of Haruhi Suzumiya,TV,14.0,23.0,LIGHT_NOVEL,SPRING,Comedy;Mystery;Sci-Fi;Slice of Life;Supernatural,School Club;Achronological Order;Urban Fantasy;School;Gods;Primarily Teen Cast;Meta;Aliens;Philosophy;Parody,76.0,2006-04-03,JP,322.0
Majo no Tabitabi,Wandering Witch: The Journey of Elaina,TV,12.0,24.0,LIGHT_NOVEL,FALL,Adventure;Fantasy;Slice of Life,Witch;Episodic;Magic;Female Protagonist;Travel;Cute Girls Doing Cute Things;Primarily Female Cast;Achronological Order;Medieval;LGBTQ+ Themes,74.0,2020-10-02,JP,288.0
K-ON!!,K-ON! Season 2,TV,26.0,24.0,MANGA,SPRING,Comedy;Music;Slice of Life,Cute Girls Doing Cute Things;School Club;Primarily Female Cast;Female Protagonist;Band;Coming of Age;Ensemble Cast;Primarily Teen Cast;School;Episodic,82.0,2010-04-07,JP,624.0
Jigoku Shoujo,Hell Girl,TV,26.0,25.0,ORIGINAL,FALL,Drama;Horror;Mystery;Psychological;Supernatural,Revenge;Episodic;Female Protagonist;Bullying;Curses;Ghost;Urban;Oiran;Detective;Gore,71.0,2005-10-05,JP,650.0
Tonari no Totoro,My Neighbor Totoro,MOVIE,1.0,86.0,ORIGINAL,SPRING,Adventure;Fantasy;Slice of Life;Supernatural,Family Life;Primarily Child Cast;Rural;Youkai;Wilderness;Female Protagonist;Urban Fantasy;Kids;Gods;Primarily Female Cast,80.0,1988-04-16,JP,86.0
citrus,Citrus,TV,12.0,24.0,MANGA,WINTER,Drama;Romance,Inseki;Yuri;Female Protagonist;LGBTQ+ Themes;Primarily Female Cast;Psychosexual;Primarily Teen Cast;Cohabitation;School;Gyaru,60.0,2018-01-06,JP,288.0
Asagao to Kase-san.,Kase-san and Morning Glories,OVA,1.0,59.0,MANGA,SPRING,Romance;Slice of Life,Yuri;LGBTQ+ Themes;Tomboy;Female Protagonist;Shoujo;Coming of Age;School;Primarily Female Cast;Primarily Teen Cast;Cute Girls Doing Cute Things,76.0,2018-06-09,JP,59.0
Azur Lane,AZUR LANE,TV,12.0,24.0,VIDEO_GAME,FALL,Action;Ecchi;Sci-Fi,Ships;Primarily Female Cast;Military;War;Anthropomorphism;Cute Girls Doing Cute Things;Ensemble Cast;Female Protagonist;Aliens;Nudity,58.0,2019-10-03,JP,288.0
Inugami-san to Nekoyama-san,,TV_SHORT,12.0,4.0,MANGA,SPRING,Comedy;Slice of Life,Yuri;Primarily Female Cast;Cute Girls Doing Cute Things;Female Protagonist;Episodic;Kemonomimi;LGBTQ+ Themes;Feet;School;Meta,61.0,2014-04-11,JP,48.0
BLUE REFLECTION RAY,Blue Reflection Ray,TV,24.0,25.0,VIDEO_GAME,SPRING,Drama;Fantasy;Mahou Shoujo;Psychological,Primarily Female Cast;Female Protagonist;Memory Manipulation;Primarily Teen Cast;Henshin;Magic;Super Power;Amnesia;School;LGBTQ+ Themes,53.0,2021-04-10,JP,600.0
Fumetsu no Anata e,To Your Eternity,TV,20.0,25.0,MANGA,SPRING,Adventure;Drama;Fantasy;Psychological;Supernatural,Shapeshifting;Coming of Age;Travel;Philosophy;Rural;Agender;Medieval;Ensemble Cast;Survival;Body Horror,81.0,2021-04-12,JP,500.0
"Ijiranaide, Nagatoro-san","DON'T TOY WITH ME, MISS NAGATORO",TV,12.0,24.0,MANGA,SPRING,Comedy;Romance;Slice of Life,Slapstick;Male Protagonist;Bullying;School;Heterosexual;Tsundere;Episodic;Primarily Teen Cast;Tanned Skin;Primarily Female Cast,69.0,2021-04-11,JP,288.0
Koi to Yobu ni wa Kimochi Warui,Koikimo,ONA,12.0,24.0,MANGA,SPRING,Comedy;Romance;Slice of Life,Female Protagonist;Heterosexual;Male Protagonist;Love Triangle;Josei;Urban;School;Yandere;Otaku Culture;Ensemble Cast,68.0,2021-03-29,JP,288.0
Sayonara Watashi no Cramer,"Farewell, My Dear Cramer",TV,13.0,24.0,MANGA,SPRING,Drama;Sports,Football;Shounen;Female Protagonist;Primarily Female Cast;Ensemble Cast;School Club;Ojou-sama;Athletics;Primarily Teen Cast,56.0,2021-04-04,JP,312.0
Seijo no Maryoku wa Bannou desu,The Saint's Magic Power is Omnipotent,TV,12.0,24.0,LIGHT_NOVEL,SPRING,Fantasy;Romance;Slice of Life,Female Protagonist;Isekai;Magic;Shoujo;Iyashikei;Primarily Adult Cast;Medicine;Heterosexual;Alchemy;Horticulture,71.0,2021-04-06,JP,288.0
Shadows House,SHADOWS HOUSE,TV,13.0,24.0,MANGA,SPRING,Fantasy;Horror;Mystery;Slice of Life;Supernatural,Conspiracy;Slavery;Maids;Female Protagonist;Memory Manipulation;Butler;Primarily Child Cast;Cult;Super Power;Magic,77.0,2021-04-11,JP,312.0
SHAMAN KING (2021),SHAMAN KING (2021),TV,52.0,24.0,MANGA,SPRING,Action;Adventure;Comedy;Supernatural,Ghost;Super Power;Shounen;Mythology;Urban Fantasy;Primarily Teen Cast;Male Protagonist;Slapstick;Twins;Spearplay,64.0,2021-04-01,JP,1248.0
"Slime Taoshite 300-nen, Shiranai Uchi ni Level MAX ni Nattemashita",I've Been Killing Slimes for 300 Years and Maxed Out My Level,TV,12.0,24.0,LIGHT_NOVEL,SPRING,Adventure;Comedy;Fantasy;Slice of Life,Primarily Female Cast;Female Protagonist;Found Family;Family Life;Witch;Iyashikei;Cute Girls Doing Cute Things;Rural;Isekai;Parenthood,68.0,2021-04-10,JP,288.0
Super Cub,Super Cub,TV,12.0,24.0,LIGHT_NOVEL,SPRING,Slice of Life,Motorcycles;Iyashikei;Mopeds;Female Protagonist;Primarily Female Cast;Outdoor Activities;Kuudere;Cute Girls Doing Cute Things;School;Primarily Teen Cast,72.0,2021-04-07,JP,288.0
Vivy: Fluorite Eye’s Song,Vivy -Fluorite Eye's Song-,TV,13.0,23.0,ORIGINAL,SPRING,Action;Drama;Music;Sci-Fi;Thriller,Artificial Intelligence;Robots;Female Protagonist;Philosophy;War;Guns;Terrorism;Dystopian;Musical Theater;Cyberpunk,82.0,2021-04-03,JP,299.0
Yakunara Mug Cup Mo,Let's Make a Mug Too,TV_SHORT,12.0,15.0,MANGA,SPRING,Comedy;Slice of Life,Cute Girls Doing Cute Things;Primarily Female Cast;Iyashikei;School Club;Rural;Educational;Female Protagonist;Primarily Teen Cast;Family Life;Food,63.0,2021-04-03,JP,180.0
Kiniro Mosaic,KINMOZA!,TV,12.0,24.0,MANGA,SUMMER,Comedy;Slice of Life,Cute Girls Doing Cute Things;Female Protagonist;Primarily Female Cast;School;Primarily Teen Cast;Tsundere;Language Barrier;Seinen;Tomboy;Foreign,70.0,2013-06-23,JP,288.0
Girls und Panzer,Girls und Panzer,TV,12.0,24.0,ORIGINAL,FALL,Action;Sports,Tanks;Primarily Female Cast;Female Protagonist;Military;School Club;Cute Girls Doing Cute Things;Primarily Teen Cast;Ensemble Cast;Historical;School,74.0,2012-10-09,JP,288.0
Yuru Camp△,Laid-Back Camp,TV,12.0,24.0,MANGA,WINTER,Comedy;Slice of Life,Outdoor Activities;Camping;Iyashikei;Cute Girls Doing Cute Things;Primarily Female Cast;Female Protagonist;Rural;Primarily Teen Cast;Food;Educational,81.0,2018-01-04,JP,288.0
Asobi Asobase,Asobi Asobase - workshop of fun -,TV,12.0,24.0,MANGA,SUMMER,Comedy;Slice of Life,Surreal Comedy;Slapstick;Female Protagonist;Primarily Female Cast;Primarily Teen Cast;School Club;Episodic;School;Cute Girls Doing Cute Things;Parody,79.0,2018-07-08,JP,288.0
Watashi ga Motete Dousunda,"Kiss Him, Not Me",TV,12.0,23.0,MANGA,FALL,Comedy;Romance,Male Harem;Female Protagonist;Otaku Culture;Mixed Gender Harem;Shoujo;Tomboy;Parody;LGBTQ+ Themes;School;Femboy,65.0,2016-10-07,JP,276.0
Honzuki no Gekokujou: Shisho ni Naru Tame ni wa Shudan wo Erandeiraremasen,Ascendance of a Bookworm,TV,14.0,24.0,LIGHT_NOVEL,FALL,Fantasy;Slice of Life,Class Struggle;Isekai;Female Protagonist;Work;Age Regression;Economics;Family Life;Medieval;Primarily Child Cast;Educational,78.0,2019-10-03,JP,336.0
Pupipo!,,TV_SHORT,15.0,4.0,MANGA,WINTER,Slice of Life;Supernatural,Ghost;School;Female Protagonist;Trains;Isekai;Bullying,65.0,2013-12-21,JP,60.0
DEVILMAN crybaby,Devilman Crybaby,ONA,10.0,25.0,MANGA,WINTER,Action;Drama;Horror;Psychological;Supernatural,Demons;Body Horror;Psychosexual;Gore;Urban Fantasy;Gods;Shapeshifting;Nudity;Male Protagonist;Philosophy,76.0,2018-01-05,JP,250.0
Aiura,AIURA,TV_SHORT,12.0,4.0,MANGA,SPRING,Comedy;Slice of Life,Cute Girls Doing Cute Things;School;Episodic;Primarily Female Cast;Female Protagonist;Shounen,65.0,2013-04-10,JP,48.0
Mushishi,MUSHI-SHI,TV,26.0,25.0,MANGA,FALL,Adventure;Fantasy;Mystery;Psychological;Slice of Life;Supernatural,Environmental;Youkai;Mythology;Episodic;Philosophy;Rural;Travel;Male Protagonist;Animals;Iyashikei,85.0,2005-10-23,JP,650.0
D_CIDE TRAUMEREI THE ANIMATION,D_CIDE TRAUMEREI THE ANIMATION,TV,13.0,24.0,OTHER,SUMMER,Action;Adventure;Drama;Fantasy,Full CGI;Primarily Teen Cast;Drugs;Episodic;Female Protagonist;Male Protagonist;Video Games;Denpa;Suicide;Boys' Love,53.0,2021-07-10,JP,312.0
Deatte 5-byou de Battle,Battle Game in 5 Seconds,TV,12.0,24.0,MANGA,SUMMER,Action;Drama;Supernatural,Death Game;Super Power;Battle Royale;Male Protagonist;Urban Fantasy;Heterosexual;Conspiracy;CGI;Magic;Gore,66.0,2021-07-13,JP,288.0
Heion Sedai no Idaten-tachi,The Idaten Deities Know Only Peace,TV,11.0,23.0,MANGA,SUMMER,Action;Adventure;Fantasy,Demons;Gods;War;Gore;Super Power;Philosophy;Military;Seinen;Surreal Comedy;Hypersexuality,74.0,2021-07-23,JP,253.0
Jahy-sama wa Kujikenai!,The Great Jahy Will Not Be Defeated!,TV,20.0,24.0,MANGA,SUMMER,Comedy;Fantasy;Slice of Life;Supernatural,Slapstick;Female Protagonist;Demons;Primarily Female Cast;Urban Fantasy;Henshin;Cute Girls Doing Cute Things;Magic;Super Power;Isekai,68.0,2021-08-01,JP,480.0
Kageki Shoujo!!,Kageki Shojo!!,TV,13.0,24.0,MANGA,SUMMER,Drama;Slice of Life,Acting;Primarily Female Cast;Female Protagonist;School;Ensemble Cast;Coming of Age;Shoujo;Aromantic;Primarily Teen Cast;Musical Theater,76.0,2021-07-04,JP,312.0
Peach Boy Riverside,Peach Boy Riverside,TV,12.0,24.0,MANGA,SUMMER,Adventure;Fantasy,Female Protagonist;Achronological Order;Demons;Heterosexual;Travel;Gore;Monster Girl;Shounen;Yandere;Mythology,60.0,2021-07-01,JP,288.0
Shinigami Bocchan to Kuro Maid,The Duke of Death and His Maid,TV,12.0,24.0,MANGA,SUMMER,Comedy;Drama;Romance;Supernatural,Full CGI;Maids;Heterosexual;CGI;Magic;Witch;Kuudere;Butler;Shounen;Female Protagonist,74.0,2021-07-04,JP,288.0
Shiroi Suna no Aquatope,The aquatope on white sand,TV,24.0,24.0,ORIGINAL,SUMMER,Drama;Slice of Life;Supernatural,Coming of Age;Female Protagonist;Work;Animals;Environmental;Coastal;Iyashikei;Primarily Female Cast;Educational;Office Lady,73.0,2021-07-09,JP,576.0
Sonny Boy,Sonny Boy,TV,12.0,25.0,ORIGINAL,SUMMER,Drama;Mystery;Psychological;Sci-Fi;Supernatural,Philosophy;Denpa;Super Power;Coming of Age;Survival;Primarily Teen Cast;Travel;Isekai;Meta;Achronological Order,77.0,2021-07-16,JP,300.0
Uramichi Oniisan,Life Lessons with Uramichi Oniisan,TV,13.0,24.0,MANGA,SUMMER,Comedy;Slice of Life,Work;Satire;Male Protagonist;Primarily Adult Cast;Acting;Episodic;Ensemble Cast;Meta;Josei;Musical Theater,75.0,2021-07-06,JP,312.0
Vanitas no Carte,The Case Study of Vanitas,TV,12.0,23.0,MANGA,SUMMER,Action;Drama;Fantasy;Mystery;Supernatural,Vampire;Male Protagonist;Conspiracy;Foreign;Steampunk;Cute Boys Doing Cute Things;Heterosexual;Anti-Hero;Primarily Adult Cast;Anachronism,78.0,2021-07-03,JP,276.0
PERFECT BLUE,Perfect Blue,MOVIE,1.0,82.0,OTHER,WINTER,Drama;Horror;Psychological;Thriller,Dissociative Identities;Denpa;Female Protagonist;Acting;Idol;Meta;Primarily Adult Cast;Work;Philosophy;Filmmaking,85.0,1998-02-28,JP,82.0
AKIRA,Akira,MOVIE,1.0,125.0,MANGA,SUMMER,Action;Adventure;Horror;Psychological;Sci-Fi;Supernatural,Cyberpunk;Post-Apocalyptic;Dystopian;Super Power;Urban;Male Protagonist;Delinquents;Primarily Male Cast;Seinen;Urban Fantasy,79.0,1988-07-16,JP,125.0
NANA,NANA,TV,47.0,23.0,MANGA,SPRING,Drama;Music;Romance;Slice of Life,Female Protagonist;Shoujo;Primarily Adult Cast;Band;Coming of Age;Rock Music;Ensemble Cast;Love Triangle;Pregnancy;Netorare,85.0,2006-04-05,JP,1081.0
009-1,009-1,TV,12.0,25.0,MANGA,FALL,Action;Mecha;Sci-Fi,Espionage;Assassins;Cyberpunk;Episodic;Cyborg;Robots;Female Protagonist;Politics;Primarily Adult Cast;Seinen,59.0,2006-10-06,JP,300.0
Mousou Dairinin,Paranoia Agent,TV,13.0,24.0,ORIGINAL,WINTER,Drama;Mystery;Psychological;Supernatural;Thriller,Denpa;Crime;Detective;Philosophy;Ensemble Cast;Urban Fantasy;Police;Urban;Meta;Episodic,76.0,2004-02-03,JP,312.0
Mnemosyne: Mnemosyne no Musume-tachi,RIN ~Daughters of Mnemosyne~,TV,6.0,45.0,ORIGINAL,WINTER,Action;Ecchi;Horror;Sci-Fi;Supernatural,Female Protagonist;Primarily Adult Cast;Cosmic Horror;Body Horror;Memory Manipulation;Urban;Guns;Rape;Urban Fantasy;Amnesia,67.0,2008-02-04,JP,270.0
Tanaka-kun wa Itsumo Kedaruge,Tanaka-kun is Always Listless,TV,12.0,25.0,MANGA,SPRING,Comedy;Slice of Life,School;Male Protagonist;Primarily Teen Cast;Iyashikei;Episodic;Cute Boys Doing Cute Things;Kuudere;Ensemble Cast;Tsundere;Shounen,76.0,2016-04-09,JP,300.0
Kino no Tabi: the Beautiful World,Kino's Journey,TV,13.0,25.0,LIGHT_NOVEL,SPRING,Adventure;Drama;Fantasy;Psychological;Slice of Life,Philosophy;Episodic;Travel;Foreign;Meta;Motorcycles;Achronological Order;Female Protagonist;Dystopian;Agender,81.0,2003-04-08,JP,325.0
Kino no Tabi -the Beautiful World- the Animated Series,Kino's Journey -the Beautiful World- the Animated Series,TV,12.0,24.0,LIGHT_NOVEL,FALL,Adventure;Drama;Fantasy;Psychological;Slice of Life,Foreign;Episodic;Philosophy;Rural;Motorcycles;Travel;Female Protagonist;Guns;CGI;Photography,73.0,2017-10-06,JP,288.0
PSYCHO-PASS,PSYCHO-PASS,TV,22.0,23.0,ORIGINAL,FALL,Action;Psychological;Sci-Fi;Thriller,Detective;Police;Dystopian;Cyberpunk;Crime;Philosophy;Primarily Adult Cast;Urban;Female Protagonist;Artificial Intelligence,81.0,2012-10-12,JP,506.0
Occultic;Nine,Occultic;Nine,TV,12.0,24.0,LIGHT_NOVEL,FALL,Mystery;Sci-Fi;Supernatural;Thriller,Conspiracy;Ghost;Male Protagonist;Super Power;Detective;Suicide;Cult;Denpa;Dissociative Identities;Philosophy,65.0,2016-10-09,JP,288.0
Eiga Daisuki Pompo-san,Pompo: The Cinéphile,MOVIE,1.0,94.0,MANGA,SPRING,Comedy;Drama,Filmmaking;Work;Acting;Educational;Foreign;Coming of Age;Female Protagonist;Meta;Primarily Adult Cast;Male Protagonist,81.0,2021-06-04,JP,94.0
Blue Period,Blue Period,ONA,12.0,24.0,MANGA,FALL,Drama;Slice of Life,Drawing;Coming of Age;Male Protagonist;School;Primarily Teen Cast;Educational;Seinen;Philosophy;School Club;Bisexual,77.0,2021-09-25,JP,288.0
Build Divide: Code Black,BUILD-DIVIDE -#000000- CODE BLACK,TV,12.0,24.0,OTHER,FALL,Action;Sci-Fi,Gambling;Card Battle;Amnesia;Urban;Yandere;Idol;Male Protagonist;Virtual World;Isekai,61.0,2021-10-10,JP,288.0
Deep Insanity: THE LOST CHILD,Deep Insanity THE LOST CHILD,TV,12.0,24.0,OTHER,FALL,Action;Adventure;Sci-Fi,Male Protagonist;Disability;CGI;Pandemic;Post-Apocalyptic;Rape;Survival;Guns;Female Protagonist;Shapeshifting,49.0,2021-10-13,JP,288.0
"Komi-san wa, Komyushou desu.",Komi Can’t Communicate,TV,12.0,24.0,MANGA,FALL,Comedy;Romance;Slice of Life,School;Kuudere;Disability;Female Protagonist;Episodic;Slapstick;Primarily Teen Cast;Male Protagonist;Coming of Age;Heterosexual,77.0,2021-10-07,JP,288.0
Mieruko-chan,Mieruko-chan,TV,12.0,24.0,MANGA,FALL,Comedy;Horror;Slice of Life;Supernatural,Ghost;Primarily Teen Cast;Female Protagonist;Primarily Female Cast;Urban Fantasy;Body Horror;Youkai;School;Seinen;Gods,72.0,2021-10-03,JP,288.0
Platinum End,Platinum End,TV,24.0,24.0,MANGA,FALL,Drama;Mystery;Psychological;Romance;Supernatural,Denpa;Battle Royale;Angels;Gods;Primarily Teen Cast;Survival;Suicide;Urban Fantasy;Philosophy;Male Protagonist,58.0,2021-10-08,JP,576.0
Puraore!: PRIDE OF ORANGE,PuraOre! ~Pride of Orange~,TV,12.0,24.0,OTHER,FALL,Music;Slice of Life;Sports,Ice Skating;Cute Girls Doing Cute Things;Primarily Female Cast;Female Protagonist;Athletics;Idol;Primarily Teen Cast;CGI;Dancing;Volleyball,59.0,2021-10-06,JP,288.0
Saihate no Paladin,The Faraway Paladin,TV,12.0,24.0,LIGHT_NOVEL,FALL,Action;Adventure;Fantasy;Mystery;Psychological,Demons;Coming of Age;Religion;Mythology;Adoption;Gods;Magic;Isekai;Swordplay;Found Family,68.0,2021-10-09,JP,288.0
Senpai ga Uzai Kouhai no Hanashi,My Senpai is Annoying,TV,12.0,24.0,MANGA,FALL,Comedy;Romance;Slice of Life,Office Lady;Primarily Adult Cast;Female Protagonist;Work;Office;Tsundere;Heterosexual;Josei;Urban;Ensemble Cast,75.0,2021-10-10,JP,288.0
takt op.Destiny,takt op.Destiny,TV,12.0,24.0,OTHER,FALL,Action;Fantasy;Music,Henshin;Urban Fantasy;Male Protagonist;Classical Music;Foreign;Post-Apocalyptic;Female Protagonist;Amnesia;Kuudere;Ensemble Cast,69.0,2021-10-06,JP,288.0
180-byou de Kimi no Mimi wo Shiawase ni Dekiru ka?,,TV_SHORT,12.0,3.0,ORIGINAL,FALL,Slice of Life,Primarily Female Cast;Cute Girls Doing Cute Things;POV;Twins;Iyashikei;Yandere;Bar,49.0,2021-10-15,JP,36.0
Yuyushiki,Yuyushiki,TV,12.0,23.0,MANGA,SPRING,Comedy;Slice of Life,Cute Girls Doing Cute Things;Iyashikei;Primarily Female Cast;Female Protagonist;Surreal Comedy;School;School Club;LGBTQ+ Themes;Yuri;Episodic,72.0,2013-04-10,JP,276.0
Yagate Kimi ni Naru,Bloom Into You,TV,13.0,24.0,MANGA,FALL,Drama;Romance;Slice of Life,Yuri;Female Protagonist;LGBTQ+ Themes;Coming of Age;School;Aromantic;Primarily Female Cast;School Club;Asexual;Love Triangle,78.0,2018-10-05,JP,312.0
Baraou no Souretsu,Requiem of the Rose King,TV,24.0,24.0,MANGA,WINTER,Action;Drama;Supernatural,Historical;Classic Literature;Politics;Boys' Love;Bisexual;LGBTQ+ Themes;Shoujo;Foreign;Ghost;War,56.0,2022-01-09,JP,576.0
CUE!,CUE!,TV,24.0,24.0,VIDEO_GAME,WINTER,Music,Acting;Primarily Female Cast;Work;Cute Girls Doing Cute Things;Female Protagonist;Ensemble Cast;Idol;Primarily Teen Cast;Chuunibyou;Battle Royale,64.0,2022-01-08,JP,576.0
Irodorimidori,Irodorimidori,TV_SHORT,8.0,3.0,OTHER,WINTER,Music,Cute Girls Doing Cute Things;Primarily Female Cast;Band;School;Primarily Teen Cast;Advertisement,54.0,2022-01-05,JP,24.0
Kenja no Deshi wo Nanoru Kenja,She Professed Herself Pupil of the Wise Man,TV,12.0,24.0,LIGHT_NOVEL,WINTER,Adventure;Fantasy,Isekai;Female Protagonist;Magic;Virtual World;Gender Bending;CGI;Dungeon,59.0,2022-01-12,JP,288.0
Koroshi Ai,Love of Kill,TV,12.0,24.0,MANGA,WINTER,Action;Psychological;Romance,Assassins;Heterosexual;Primarily Adult Cast;Urban;Amnesia;Shoujo;Adoption;Guns;Ships;Crime,67.0,2022-01-12,JP,288.0
Leadale no Daichi nite,In the Land of Leadale,TV,12.0,24.0,LIGHT_NOVEL,WINTER,Adventure;Fantasy,Isekai;Female Protagonist;Virtual World;Video Games;Magic;Elf;Iyashikei;Adoption;Primarily Female Cast;Super Power,68.0,2022-01-05,JP,288.0
ORIENT,ORIENT,TV,12.0,24.0,MANGA,WINTER,Action;Adventure;Comedy;Fantasy,Kaiju;Samurai;Shounen;Swordplay;Historical;Magic;Male Protagonist;Demons;Slavery;Survival,62.0,2022-01-06,JP,288.0
Ryman's Club,Salaryman's Club,TV,12.0,23.0,ORIGINAL,WINTER,Drama;Sports,Badminton;Work;Primarily Male Cast;Primarily Adult Cast;Male Protagonist;Disability;Office,72.0,2022-01-30,JP,276.0
Sabikui Bisco,Sabikui Bisco,TV,12.0,24.0,LIGHT_NOVEL,WINTER,Action;Adventure;Fantasy,Post-Apocalyptic;Pandemic;Male Protagonist;Medicine;Archery;Fugitive;Outdoor Activities;Travel;Desert;Boys' Love,70.0,2022-01-11,JP,288.0
Slow Loop,Slow Loop,TV,12.0,24.0,MANGA,WINTER,Slice of Life;Sports,Cute Girls Doing Cute Things;Fishing;Female Protagonist;Iyashikei;Family Life;Outdoor Activities;Primarily Female Cast;Found Family;Food;Educational,71.0,2022-01-07,JP,288.0
Sono Bisque Doll wa Koi wo Suru,My Dress-Up Darling,TV,12.0,24.0,MANGA,WINTER,Comedy;Ecchi;Romance;Slice of Life,Cosplay;Otaku Culture;Fashion;Male Protagonist;Heterosexual;Primarily Teen Cast;Female Protagonist;Gyaru;Seinen;Photography,80.0,2022-01-09,JP,288.0
Tokyo 24-ku,Tokyo 24th Ward,TV,12.0,24.0,ORIGINAL,WINTER,Mystery;Sci-Fi,Urban;Super Power;Primarily Male Cast;Dystopian;Ensemble Cast;Crime;Primarily Adult Cast;Chuunibyou;Drugs;Philosophy,60.0,2022-01-06,JP,288.0
Mary to Majo no Hana,Mary and The Witch's Flower,MOVIE,1.0,102.0,OTHER,SUMMER,Adventure;Fantasy,Witch;Magic;Female Protagonist;Kids;Foreign;Coming of Age;Primarily Child Cast;Animals;Isekai;School,71.0,2017-07-08,JP,102.0
Deji Meets Girl,Deiji Meets Girl,TV_SHORT,12.0,2.0,ORIGINAL,FALL,Slice of Life;Supernatural,Female Protagonist;Rural;Iyashikei;Heterosexual;Inn;Urban Fantasy;Coastal,60.0,2021-10-02,JP,24.0
Liz to Aoi Tori,Liz and the Blue Bird,MOVIE,1.0,90.0,OTHER,SPRING,Drama;Music;Slice of Life,Coming of Age;Yuri;Female Protagonist;Band;Primarily Female Cast;Fairy Tale;Unrequited Love;Classical Music;Primarily Teen Cast;School Club,83.0,2018-04-21,JP,90.0
Kimi no Suizou wo Tabetai,I Want to Eat Your Pancreas,MOVIE,1.0,108.0,OTHER,SUMMER,Drama;Romance;Slice of Life,Coming of Age;Male Protagonist;Philosophy;Female Protagonist;Heterosexual;Primarily Teen Cast;Classic Literature;Rehabilitation;Unrequited Love;Achronological Order,84.0,2018-09-01,JP,108.0
Hotarubi no Mori e,Into the Forest of Fireflies' Light,MOVIE,1.0,45.0,MANGA,SUMMER,Drama;Fantasy;Romance;Supernatural,Coming of Age;Youkai;Ghost;Rural;Urban Fantasy;Male Protagonist;Shoujo;Female Protagonist;Heterosexual;Iyashikei,79.0,2011-09-17,JP,45.0
Cider no You ni Kotoba ga Wakiagaru,Words Bubble Up Like Soda Pop,MOVIE,1.0,87.0,ORIGINAL,SUMMER,Romance;Slice of Life,Coming of Age;Primarily Teen Cast;Rural;Male Protagonist;Heterosexual;Female Protagonist;Calligraphy;Classic Literature;Philosophy;CGI,73.0,2021-07-22,JP,87.0
Koe no Katachi,A Silent Voice,MOVIE,1.0,130.0,MANGA,SUMMER,Drama;Romance;Slice of Life,Disability;Bullying;Rehabilitation;Language Barrier;Coming of Age;Suicide;Male Protagonist;Primarily Teen Cast;School;Heterosexual,88.0,2016-09-17,JP,130.0
Aharen-san wa Hakarenai,Aharen-san wa Hakarenai,TV,12.0,24.0,MANGA,SPRING,Comedy;Romance;Slice of Life,Kuudere;School;Surreal Comedy;Slapstick;Male Protagonist;Primarily Teen Cast;Episodic;Heterosexual;Female Protagonist;Parody,71.0,2022-04-02,JP,288.0
BIRDIE WING: Golf Girls' Story,BIRDIE WING -Golf Girls' Story-,TV,13.0,24.0,ORIGINAL,SPRING,Drama;Slice of Life;Sports,Golf;Female Protagonist;Primarily Female Cast;Primarily Teen Cast;Gambling;Mafia;School;Gangs;Foreign;Class Struggle,73.0,2022-04-06,JP,312.0
Dance Dance Danseur,Dance Dance Danseur,TV,11.0,24.0,MANGA,SPRING,Drama;Romance;Slice of Life;Sports,Dancing;Male Protagonist;Love Triangle;Heterosexual;Seinen;Ballet;School;Bullying;Acting;School Club,76.0,2022-04-09,JP,264.0
Summer Time Render,Summer Time Rendering,TV,25.0,24.0,MANGA,SPRING,Action;Drama;Mystery;Supernatural;Thriller,Urban Fantasy;Time Loop;Primarily Teen Cast;Shapeshifting;Super Power;Coastal;Mythology;Rural;Ensemble Cast;Dissociative Identities,83.0,2022-04-15,JP,600.0
Tomodachi Game,Tomodachi Game,ONA,12.0,23.0,MANGA,SPRING,Drama;Mystery;Psychological;Thriller,Male Protagonist;Survival;Anti-Hero;Crime;Shounen;Battle Royale;Revenge;Torture;Death Game;Acting,76.0,2022-04-06,JP,276.0
Kakegurui Twin,Kakegurui Twin,ONA,6.0,27.0,MANGA,SUMMER,Drama;Mystery;Psychological,Gambling;School;Primarily Female Cast;Female Protagonist;LGBTQ+ Themes;School Club;Shounen;Maids;Slavery;Gyaru,71.0,2022-08-04,JP,162.0
Sword Art Online: Progressive - Hoshinaki Yoru no Aria,Sword Art Online the Movie -Progressive- Aria of a Starless Night,MOVIE,1.0,97.0,LIGHT_NOVEL,FALL,Action;Adventure;Fantasy;Romance,Virtual World;Death Game;Video Games;Swordplay;Survival;Female Protagonist;Primarily Teen Cast;Isekai;Philosophy;Heterosexual,78.0,2021-10-30,JP,97.0
Totsukuni no Shoujo (2022),The Girl from the Other Side,OVA,1.0,70.0,MANGA,WINTER,Drama;Fantasy;Mystery,Rural;Philosophy;Gods;Demons;Magic;Environmental;Male Protagonist;Female Protagonist;Teacher;Religion,75.0,2022-03-10,JP,70.0
Extreme Hearts,Extreme Hearts,TV,12.0,24.0,ORIGINAL,SUMMER,Music;Sports,Primarily Female Cast;Idol;Female Protagonist;Athletics;Artificial Intelligence;Baseball;Basketball;Football;Robots;Volleyball,62.0,2022-07-10,JP,288.0
Lycoris Recoil,Lycoris Recoil,TV,13.0,24.0,ORIGINAL,SUMMER,Action;Slice of Life,Female Protagonist;Primarily Female Cast;Crime;Guns;Assassins;Terrorism;Conspiracy;Urban;Found Family;Work,81.0,2022-07-02,JP,312.0
Teppen!!!!!!!!!!!!!!!,TEPPEN!!!!!!!!!!!!!!! Laughing 'til You Cry,TV,12.0,24.0,MANGA,SUMMER,Comedy;Slice of Life,Cute Girls Doing Cute Things;Primarily Female Cast;Surreal Comedy;Manzai;Ensemble Cast;Primarily Teen Cast;Episodic;Aliens;Rakugo,63.0,2022-07-02,JP,288.0
Warau Arsnotoria Sun!,Smile of the Arsnotoria the Animation,TV,12.0,24.0,VIDEO_GAME,SUMMER,Fantasy;Slice of Life,Cute Girls Doing Cute Things;Primarily Female Cast;Female Protagonist;Iyashikei;Magic;School;Gore;Foreign;Kuudere;Femboy,55.0,2022-07-06,JP,288.0
Cyberpunk: Edgerunners,Cyberpunk: Edgerunners,ONA,10.0,24.0,VIDEO_GAME,SUMMER,Action;Drama;Psychological;Sci-Fi,Cyberpunk;Crime;Dystopian;Cyborg;Male Protagonist;Class Struggle;Gangs;Urban;Body Horror;Orphan,85.0,2022-09-13,JP,240.0
Ousama Ranking,Ranking of Kings,TV,23.0,23.0,MANGA,FALL,Action;Adventure;Drama;Fantasy,Disability;Coming of Age;Fairy Tale;Conspiracy;Male Protagonist;Language Barrier;Ensemble Cast;Medieval;Swordplay;Bullying,84.0,2021-10-15,JP,529.0
Nazotokine,,TV_SHORT,12.0,8.0,ORIGINAL,FALL,Mystery,Female Protagonist;Isekai;Henshin,42.0,2016-10-06,JP,96.0
4-nin wa Sorezore Uso wo Tsuku,The Little Lies We All Tell,TV,11.0,23.0,MANGA,FALL,Comedy;Sci-Fi;Slice of Life;Supernatural,Surreal Comedy;Aliens;Cute Girls Doing Cute Things;Ensemble Cast;Female Protagonist;Ninja;Super Power;Primarily Teen Cast;Episodic;Crossdressing,68.0,2022-10-16,JP,253.0
Blue Lock,BLUE LOCK,TV,24.0,25.0,MANGA,FALL,Action;Drama;Sports,Football;Male Protagonist;Shounen;Athletics;Primarily Male Cast;Battle Royale;Primarily Teen Cast;Ensemble Cast;Anti-Hero;Revenge,80.0,2022-10-09,JP,600.0
Bocchi the Rock!,BOCCHI THE ROCK!,TV,12.0,24.0,MANGA,FALL,Comedy;Music;Slice of Life,Band;Female Protagonist;Primarily Female Cast;Primarily Teen Cast;Rock Music;Cute Girls Doing Cute Things;Coming of Age;Hikikomori;Rehabilitation;Surreal Comedy,87.0,2022-10-09,JP,288.0
C Danchi,Housing Complex C,TV,4.0,25.0,ORIGINAL,FALL,Horror;Supernatural,Rural;Female Protagonist;Philosophy;Cosmic Horror;Gods;Mythology;Body Horror;Gore;Denpa;Anachronism,49.0,2022-10-02,JP,100.0
Chainsaw Man,Chainsaw Man,TV,12.0,25.0,MANGA,FALL,Action;Drama;Horror;Supernatural,Demons;Monster Boy;Urban Fantasy;Male Protagonist;Gore;Anti-Hero;Body Horror;Shapeshifting;Urban;Henshin,83.0,2022-10-12,JP,300.0
Do It Yourself!!,Do It Yourself!!,TV,12.0,24.0,ORIGINAL,FALL,Slice of Life,School Club;Cute Girls Doing Cute Things;Iyashikei;Female Protagonist;Primarily Female Cast;Primarily Teen Cast;School;Tsundere;Educational;Tomboy,74.0,2022-10-06,JP,288.0
Kage no Jitsuryokusha ni Naritakute!,The Eminence in Shadow,TV,20.0,24.0,LIGHT_NOVEL,FALL,Action;Comedy;Fantasy,Isekai;Chuunibyou;Male Protagonist;Parody;Anti-Hero;Magic;Cult;Acting;Swordplay;Assassins,81.0,2022-10-05,JP,480.0
Koukyuu no Karasu,Raven of the Inner Palace,TV,13.0,24.0,LIGHT_NOVEL,FALL,Drama;Fantasy;Mystery;Supernatural,Female Protagonist;Foreign;Historical;Primarily Adult Cast;Detective;Kuudere;Mythology;Magic;Episodic;Necromancy,73.0,2022-10-01,JP,312.0
Genshiken,Genshiken,TV,12.0,25.0,MANGA,FALL,Comedy;Slice of Life,Otaku Culture;School Club;Parody;Cosplay;College;Meta;Ensemble Cast;Primarily Adult Cast;Seinen;Heterosexual,74.0,2004-10-10,JP,300.0
Isekai Oji-san,Uncle from Another World,TV,13.0,24.0,MANGA,SUMMER,Adventure;Comedy;Fantasy,Isekai;Parody;Magic;Meta;Male Protagonist;Seinen;Video Games;Primarily Adult Cast;Tsundere;Elf,76.0,2022-07-06,JP,312.0
Hikari no Ou,The Fire Hunter,TV,10.0,24.0,OTHER,WINTER,Action;Adventure;Drama;Fantasy;Mystery,Female Protagonist;Post-Apocalyptic;Steampunk;Animals;Wilderness;Male Protagonist;Environmental;Philosophy;Rural;Conspiracy,61.0,2023-01-14,JP,240.0
NIJIYON ANIMATION,NIJIYON ANIMATION,TV_SHORT,12.0,4.0,MANGA,WINTER,Comedy;Music;Slice of Life,Idol;Full CGI;Chibi;Primarily Female Cast;CGI;Cute Girls Doing Cute Things;Female Harem;LGBTQ+ Themes;Primarily Teen Cast,68.0,2023-01-06,JP,48.0
Onii-chan wa Oshimai!,ONIMAI: I'm Now Your Sister!,TV,12.0,24.0,MANGA,WINTER,Comedy;Ecchi;Slice of Life,Gender Bending;Rehabilitation;Age Regression;Cute Girls Doing Cute Things;Primarily Female Cast;Primarily Teen Cast;Coming of Age;Female Protagonist;Hikikomori;Family Life,75.0,2023-01-05,JP,288.0
REVENGER,Revenger,TV,12.0,24.0,ORIGINAL,WINTER,Action,Revenge;Historical;Assassins;Male Protagonist;Samurai;Primarily Adult Cast;Anti-Hero;Crime;Religion;Drugs,64.0,2023-01-05,JP,288.0
Rougo ni Sonaete Isekai de 8-manmai no Kinka wo Tamemasu,"Saving 80,000 Gold in Another World for My Retirement",TV,12.0,23.0,LIGHT_NOVEL,WINTER,Comedy;Fantasy;Slice of Life,Economics;Isekai;Female Protagonist;Food;Guns;Rural;Military;Primarily Teen Cast;Cute Girls Doing Cute Things;Dragons,68.0,2023-01-08,JP,276.0
Tensei Oujo to Tensai Reijou no Mahou Kakumei,The Magical Revolution of the Reincarnated Princess and the Genius Young Lady,TV,12.0,24.0,LIGHT_NOVEL,WINTER,Fantasy;Romance,Female Protagonist;Magic;Yuri;Primarily Female Cast;Royal Affairs;Politics;Conspiracy;LGBTQ+ Themes;Maids;Swordplay,75.0,2023-01-04,JP,288.0
Suzume no Tojimari,Suzume,MOVIE,1.0,121.0,ORIGINAL,FALL,Adventure;Fantasy;Mystery;Supernatural,Urban Fantasy;Female Protagonist;Travel;Coming of Age;Magic;Shapeshifting;Orphan;Gods;Kaiju;Family Life,81.0,2022-11-11,JP,121.0
Joshiraku,Joshiraku,TV,13.0,24.0,MANGA,SUMMER,Comedy;Slice of Life,Cute Girls Doing Cute Things;Meta;Primarily Female Cast;Surreal Comedy;Satire;Parody;Slapstick;Acting;Rakugo;Female Protagonist,73.0,2012-07-06,JP,312.0
Azumanga Daiou THE ANIMATION,Azumanga Daioh,TV,26.0,24.0,MANGA,SPRING,Comedy;Slice of Life,School;Primarily Female Cast;Episodic;Slapstick;Surreal Comedy;Cute Girls Doing Cute Things;Female Protagonist;Coming of Age;Ensemble Cast;Primarily Teen Cast,79.0,2002-04-09,JP,624.0
Sora yori mo Tooi Basho,A Place Further Than the Universe,TV,13.0,24.0,ORIGINAL,WINTER,Adventure;Comedy;Drama,Travel;Coming of Age;Primarily Female Cast;Ensemble Cast;Female Protagonist;Outdoor Activities;Snowscape;Foreign;Orphan;Family Life,84.0,2018-01-02,JP,312.0
Boku dake ga Inai Machi,ERASED,TV,12.0,23.0,MANGA,WINTER,Drama;Mystery;Psychological;Supernatural;Thriller,Age Regression;Crime;Primarily Child Cast;Male Protagonist;Detective;Snowscape;Urban Fantasy;Super Power;Ensemble Cast;Seinen,81.0,2016-01-08,JP,276.0
Kimi wo Aishita Hitori no Boku e,"To Me, The One Who Loved You",MOVIE,1.0,98.0,OTHER,FALL,Romance;Sci-Fi,Male Protagonist;Memory Manipulation;Coming of Age;Ghost;Heterosexual,73.0,2022-10-07,JP,98.0
Boku ga Aishita Subete no Kimi e,To Every You I’ve Loved Before,MOVIE,1.0,102.0,OTHER,FALL,Romance;Sci-Fi,Coming of Age;Male Protagonist;Family Life;Heterosexual;Philosophy,74.0,2022-10-07,JP,102.0
Ishuzoku Reviewers,Interspecies Reviewers,TV,12.0,24.0,MANGA,WINTER,Comedy;Ecchi;Fantasy,Prostitution;Monster Girl;Nudity;Primarily Adult Cast;Male Protagonist;Seinen;Succubus;Large Breasts;Medieval;Ahegao,72.0,2020-01-11,JP,288.0
Ai no Utagoe wo Kikasete,Sing a Bit of Harmony,MOVIE,1.0,109.0,ORIGINAL,FALL,Music;Sci-Fi,Artificial Intelligence;Robots;Musical Theater;Female Protagonist;Primarily Teen Cast;School;Ensemble Cast;Fugitive;Heterosexual;Male Protagonist,75.0,2021-10-29,JP,109.0
[Oshi no Ko],Oshi No Ko,TV,11.0,24.0,MANGA,SPRING,Drama;Mystery;Psychological;Supernatural,Acting;Idol;Revenge;Twins;Male Protagonist;Urban;Detective;Female Protagonist;Coming of Age;Anti-Hero,84.0,2023-04-12,JP,264.0
Jigokuraku,Hell’s Paradise,TV,13.0,24.0,MANGA,SPRING,Action;Adventure;Mystery;Supernatural,Survival;Swordplay;Body Horror;Gore;Shounen;Ninja;Samurai;Religion;Battle Royale;Historical,80.0,2023-04-01,JP,312.0
Kanojo ga Koushaku-tei ni Itta Riyuu,Why Raeliana Ended Up at the Duke’s Mansion,TV,12.0,24.0,MANGA,SPRING,Comedy;Fantasy;Mystery;Romance,Isekai;Female Protagonist;Royal Affairs;Heterosexual;Ojou-sama;Shoujo;Primarily Adult Cast;Politics;Marriage;Fake Relationship,74.0,2023-04-10,JP,288.0
Mahou Shoujo Magical Destroyers,Magical Destroyers,TV,12.0,24.0,ORIGINAL,SPRING,Action;Comedy;Ecchi;Mahou Shoujo,Otaku Culture;Henshin;Dystopian;Urban;Meta;Magic;Surreal Comedy;Heterosexual;War;Male Protagonist,60.0,2023-04-08,JP,288.0
MASHLE,MASHLE: MAGIC AND MUSCLES,TV,12.0,24.0,MANGA,SPRING,Action;Comedy;Fantasy,Magic;Shounen;Male Protagonist;Parody;School;Fitness;Slapstick;Primarily Teen Cast;Super Power;Primarily Male Cast,76.0,2023-04-08,JP,288.0
My Home Hero,My Home Hero,TV,12.0,24.0,MANGA,SPRING,Action;Drama;Psychological;Thriller,Crime;Yakuza;Primarily Adult Cast;Male Protagonist;Seinen;Mafia;Fugitive;Urban;Anti-Hero;Gangs,68.0,2023-04-02,JP,288.0
Tengoku Daimakyou,Tengoku Daimakyo,TV,13.0,24.0,MANGA,SPRING,Adventure;Mystery;Sci-Fi;Thriller,Dystopian;Post-Apocalyptic;Survival;Achronological Order;Seinen;Travel;Conspiracy;Male Protagonist;Gender Bending;Orphan,81.0,2023-04-01,JP,312.0
Yamada-kun to Lv999 no Koi wo Suru,My Love Story with Yamada-kun at Lv999,TV,13.0,24.0,MANGA,SPRING,Comedy;Drama;Romance,Kuudere;Video Games;Female Protagonist;Heterosexual;Shoujo;Otaku Culture;Primarily Adult Cast;College;Love Triangle;E-Sports,78.0,2023-04-02,JP,312.0
Shiguang Dailiren,Link Click,ONA,11.0,24.0,ORIGINAL,SPRING,Drama;Mystery;Supernatural;Thriller,Time Manipulation;Body Swapping;Super Power;Photography;Male Protagonist;Tragedy;Primarily Adult Cast;Crime;Urban Fantasy;Urban;Memory Manipulation;Natural Disaster;Episodic;Suicide;Family Life;Police;Martial Arts;College;Office Lady;Office;Basketball;School,86.0,2021-04-30,CN,264.0
AI no Idenshi,The Gene of AI,TV,12.0,24.0,MANGA,SUMMER,Drama;Psychological;Sci-Fi,Urban;Medicine;Artificial Intelligence;Episodic;Philosophy;Cyborg;Primarily Adult Cast;Cyberpunk;Robots;Male Protagonist,63.0,2023-07-08,JP,288.0
Dekiru Neko wa Kyou mo Yuuutsu,The Masterful Cat is Depressed Again Today,TV,13.0,23.0,MANGA,SUMMER,Comedy;Fantasy;Slice of Life,Primarily Adult Cast;Animals;Female Protagonist;Episodic;Anthropomorphism;Iyashikei;Office Lady;Shounen;Food;Surreal Comedy,75.0,2023-07-08,JP,299.0
Liar Liar,"Liar, Liar",TV,12.0,24.0,LIGHT_NOVEL,SUMMER,Psychological;Romance,Male Protagonist;School;Gambling;Female Harem;Tsundere;Heterosexual;Primarily Teen Cast;Maids;Shapeshifting;Femboy,61.0,2023-07-08,JP,288.0
Rurouni Kenshin: Meiji Kenkaku Romantan (2023),Rurouni Kenshin (2023),TV,24.0,23.0,MANGA,SUMMER,Action;Drama;Romance,Swordplay;Historical;Samurai;Male Protagonist;Martial Arts;Shounen;Found Family;Assassins;Heterosexual;Rural,74.0,2023-07-07,JP,552.0
Suki na Ko ga Megane wo Wasureta,The Girl I Like Forgot Her Glasses,TV,13.0,24.0,MANGA,SUMMER,Comedy;Romance,Primarily Teen Cast;Heterosexual;School;Male Protagonist;Disability;CGI;Iyashikei;Kuudere;Shounen;Primarily Child Cast,68.0,2023-07-04,JP,312.0
Zom 100: Zombie ni Naru Made ni Shitai 100 no Koto,Zom 100: Bucket List of the Dead,TV,12.0,24.0,MANGA,SUMMER,Action;Comedy;Horror;Supernatural,Zombie;Travel;Post-Apocalyptic;Surreal Comedy;Survival;Rural;Male Protagonist;Urban;Slapstick;Primarily Adult Cast,77.0,2023-07-09,JP,288.0
UN-GO,UN-GO,TV,11.0,24.0,OTHER,FALL,Drama;Mystery;Psychological;Sci-Fi;Supernatural,Detective;Dystopian;Urban;Monster Boy;Work;Urban Fantasy;Guns;Shapeshifting;Police;Military,70.0,2011-10-14,JP,264.0
Heike Monogatari,The Heike Story,ONA,11.0,23.0,OTHER,FALL,Drama;Supernatural,Politics;Classic Literature;War;Historical;Philosophy;Military;Religion;Samurai;Suicide;Ghost,76.0,2021-09-16,JP,253.0
Kanojo to Kanojo no Neko: Everything Flows,She and Her Cat -Everything Flows-,TV_SHORT,4.0,8.0,ORIGINAL,WINTER,Drama;Slice of Life,Animals;Female Protagonist;Iyashikei;Primarily Adult Cast;Episodic,74.0,2016-03-04,JP,32.0
Dr. STONE,Dr. STONE,TV,24.0,24.0,MANGA,SUMMER,Action;Adventure;Comedy;Sci-Fi,Post-Apocalyptic;Survival;Lost Civilization;Educational;Male Protagonist;Shounen;Environmental;Kingdom Management;Ensemble Cast;Primarily Teen Cast,81.0,2019-07-05,JP,576.0
Tonari no Seki-kun,Tonari no Seki-kun: The Master of Killing Time,TV_SHORT,21.0,8.0,MANGA,WINTER,Comedy,Slapstick;Episodic;School;Female Protagonist;Shogi;Seinen;Go,73.0,2014-01-06,JP,168.0
Choboraunyopomi Gekijou Ai Mai Mii,Ai-Mai-Mi,TV_SHORT,13.0,3.0,MANGA,WINTER,Comedy;Slice of Life,Surreal Comedy;Primarily Female Cast;Cute Girls Doing Cute Things;Otaku Culture;School Club;Seinen,54.0,2013-01-03,JP,39.0
Skip to Loafer,Skip and Loafer,TV,12.0,24.0,MANGA,SPRING,Comedy;Romance;Slice of Life,School;Female Protagonist;Primarily Teen Cast;Coming of Age;Heterosexual;Urban;Seinen;Iyashikei;Acting;Transgender,81.0,2023-04-04,JP,288.0
Hametsu no Oukoku,The Kingdoms of Ruin,TV,12.0,24.0,MANGA,FALL,Action;Drama;Fantasy,Revenge;Magic;Witch;Gore;Anti-Hero;Terrorism;Shounen;Male Protagonist;Lost Civilization;Dystopian,61.0,2023-10-07,JP,288.0
Hoshikuzu Telepath,Stardust Telepath,TV,12.0,24.0,MANGA,FALL,Comedy;Drama;Slice of Life,Primarily Teen Cast;LGBTQ+ Themes;Primarily Female Cast;Female Protagonist;Cute Girls Doing Cute Things;School Club;Aliens;Coming of Age;Educational;Amnesia,70.0,2023-10-09,JP,288.0
Kusuriya no Hitorigoto,The Apothecary Diaries,TV,24.0,23.0,LIGHT_NOVEL,FALL,Drama;Mystery,Female Protagonist;Medicine;Ancient China;Drugs;Historical;Detective;Conspiracy;Politics;Foreign;Work,88.0,2023-10-22,JP,552.0
SHY,SHY,TV,12.0,24.0,MANGA,FALL,Action;Drama,Henshin;Female Protagonist;Superhero;Super Power;Primarily Female Cast;Shounen;Disability;Age Regression;Travel;Ninja,66.0,2023-10-03,JP,288.0
Sousou no Frieren,Frieren: Beyond Journey’s End,TV,28.0,24.0,MANGA,FALL,Adventure;Drama;Fantasy,Travel;Magic;Elf;Philosophy;Medieval;Female Protagonist;Found Family;Shounen;Iyashikei;Kuudere,91.0,2023-09-29,JP,672.0
Watashi no Oshi wa Akuyaku Reijou.,I'm in Love with the Villainess,TV,12.0,24.0,LIGHT_NOVEL,FALL,Comedy;Fantasy;Romance,Yuri;Villainess;LGBTQ+ Themes;Female Protagonist;Isekai;Ojou-sama;Tsundere;Magic;Video Games;School,73.0,2023-10-03,JP,288.0
PLUTO,PLUTO,ONA,8.0,60.0,MANGA,FALL,Action;Drama;Mecha;Mystery;Psychological;Sci-Fi,Robots;Artificial Intelligence;Revenge;Detective;Seinen;Police;Ensemble Cast;Crime;Conspiracy;Memory Manipulation,84.0,2023-10-26,JP,480.0
Kitakubu Katsudou Kiroku,Chronicles of the Going Home Club,TV,12.0,23.0,MANGA,SUMMER,Comedy;Slice of Life,Meta;Parody;Cute Girls Doing Cute Things;School;Surreal Comedy;School Club;Slapstick;Female Protagonist;Primarily Female Cast;Seinen,64.0,2013-07-05,JP,276.0
Odd Taxi,ODDTAXI,TV,13.0,24.0,ORIGINAL,SPRING,Drama;Mystery;Psychological;Thriller,Crime;Anthropomorphism;Urban;Animals;Ensemble Cast;Male Protagonist;Primarily Adult Cast;Work;Revenge;Noir,85.0,2021-04-06,JP,312.0
Anime de Wakaru Shinryounaika,Comical Psychosomatic Medicine,ONA,20.0,6.0,MANGA,WINTER,Comedy;Psychological,Educational;Seinen;Primarily Adult Cast;Female Protagonist;Male Protagonist;Medicine;Work;Slapstick;Parody;Meta,61.0,2015-02-14,JP,120.0
Ping Pong THE ANIMATION,Ping Pong the Animation,TV,11.0,23.0,MANGA,SPRING,Drama;Psychological;Sports,Coming of Age;Table Tennis;Primarily Male Cast;Seinen;Male Protagonist;Philosophy;School Club;Primarily Teen Cast;Ensemble Cast;Rotoscoping,85.0,2014-04-11,JP,253.0
TRIGUN STAMPEDE,TRIGUN STAMPEDE,TV,12.0,24.0,MANGA,WINTER,Action;Drama;Sci-Fi,Full CGI;Guns;Desert;Dystopian;Male Protagonist;Fugitive;Twins;Philosophy;Primarily Adult Cast;CGI,78.0,2023-01-07,JP,288.0
BUCCHIGIRI?!,BUCCHIGIRI?!,TV,12.0,24.0,ORIGINAL,WINTER,Action;Supernatural,Martial Arts;Delinquents;Gangs;Primarily Teen Cast;School;Primarily Male Cast;Mythology;Magic;Male Protagonist;Unrequited Love,64.0,2024-01-13,JP,288.0
Dungeon Meshi,Delicious in Dungeon,TV,24.0,25.0,MANGA,WINTER,Adventure;Comedy;Fantasy,Dungeon;Food;Magic;Medieval;Elf;Primarily Adult Cast;Ensemble Cast;Environmental;Monster Girl;Dragons,85.0,2024-01-04,JP,600.0
"Hime-sama, ""Goumon"" no Jikan desu","'Tis Time for ""Torture,"" Princess",TV,12.0,24.0,MANGA,WINTER,Comedy;Fantasy;Slice of Life,Female Protagonist;Episodic;Cute Girls Doing Cute Things;Demons;Surreal Comedy;Food;Iyashikei;Primarily Female Cast;Slapstick;Monster Girl,71.0,2024-01-09,JP,288.0
Metallic Rouge,Metallic Rouge,TV,13.0,23.0,ORIGINAL,WINTER,Action;Mystery;Sci-Fi,Robots;Artificial Intelligence;Henshin;Cyberpunk;Female Protagonist;Primarily Adult Cast;Tanned Skin;Assassins;Super Power;Fugitive,59.0,2024-01-11,JP,299.0
Yubisaki to Renren,A Sign of Affection,TV,12.0,24.0,MANGA,WINTER,Romance;Slice of Life,Disability;Shoujo;Female Protagonist;Language Barrier;Heterosexual;College;Primarily Adult Cast;Urban;Love Triangle;Unrequited Love,82.0,2024-01-06,JP,288.0
Deaimon,Deaimon: Recipe for Happiness,TV,12.0,24.0,MANGA,SPRING,Slice of Life,Found Family;Food;Iyashikei;Family Life;Seinen;Work;Male Protagonist;Episodic;Tsundere;Primarily Adult Cast,74.0,2022-04-06,JP,288.0
Dead Dead Demon's Dededededestruction,DEAD DEAD DEMONS DEDEDEDE DESTRUCTION,ONA,18.0,24.0,MANGA,SUMMER,Comedy;Drama;Sci-Fi;Slice of Life,Aliens;Urban;Philosophy;Politics;Coming of Age;Post-Apocalyptic;Female Protagonist;Denpa;Anti-Hero;Military,79.0,2024-05-24,JP,432.0
Kaii to Otome to Kamikakushi,Mysterious Disappearances,TV,12.0,24.0,MANGA,SPRING,Ecchi;Horror;Mystery;Romance;Supernatural,Large Breasts;Urban Fantasy;Heterosexual;Mythology;Female Protagonist;Seinen;Writing;Found Family;Age Regression;Classic Literature,66.0,2024-04-10,JP,288.0
Kaijuu 8-gou,Kaiju No. 8,TV,12.0,24.0,MANGA,SPRING,Action;Sci-Fi,Kaiju;Monster Boy;Shapeshifting;Male Protagonist;Super Power;Shounen;Henshin;Urban Fantasy;Military;Work,82.0,2024-04-13,JP,288.0
Karasu wa Aruji wo Erabanai,YATAGARASU: The Raven Does Not Choose Its Master,TV,20.0,25.0,OTHER,SPRING,Action;Drama;Fantasy;Supernatural,Royal Affairs;Conspiracy;Shapeshifting;Politics;Male Protagonist;Primarily Adult Cast;Assassins;Estranged Family;Ojou-sama;Adoption,78.0,2024-04-06,JP,500.0
Ookami to Koushinryou: MERCHANT MEETS THE WISE WOLF,Spice and Wolf: MERCHANT MEETS THE WISE WOLF,TV,25.0,24.0,LIGHT_NOVEL,SPRING,Adventure;Fantasy;Romance;Slice of Life,Economics;Travel;Rural;Work;Kemonomimi;Female Protagonist;Heterosexual;Primarily Adult Cast;Male Protagonist;Agriculture,79.0,2024-04-02,JP,600.0
Sasayaku You ni Koi wo Utau,Whisper Me a Love Song,TV,12.0,23.0,MANGA,SPRING,Drama;Music;Romance,Yuri;Female Protagonist;Primarily Female Cast;Primarily Teen Cast;LGBTQ+ Themes;Band;School;Love Triangle;School Club;Coming of Age,64.0,2024-04-14,JP,276.0
Shuumatsu Train Doko e Iku?,Train to the End of the World,TV,12.0,24.0,ORIGINAL,SPRING,Adventure;Comedy;Sci-Fi;Supernatural,Post-Apocalyptic;Trains;Travel;Female Protagonist;Primarily Female Cast;Surreal Comedy;Cosmic Horror;Memory Manipulation;Rural;Shapeshifting,73.0,2024-04-01,JP,288.0
Gintama.,Gintama Season 5,TV,12.0,24.0,MANGA,WINTER,Action;Comedy;Drama;Sci-Fi,Swordplay;Male Protagonist;Anachronism;Shounen;Samurai;Ensemble Cast;War;Found Family;Philosophy;Parody,88.0,2017-01-09,JP,288.0
Tonari no Youkai-san,Tonari no Yokai-san,TV,13.0,23.0,MANGA,SPRING,Drama;Slice of Life;Supernatural,Youkai;Urban Fantasy;Rural;Josei;Family Life;Iyashikei;Anthropomorphism;Heterosexual;LGBTQ+ Themes;Amnesia,71.0,2024-04-07,JP,299.0
Kuma Kuma Kuma Bear,Kuma Kuma Kuma Bear,TV,12.0,24.0,LIGHT_NOVEL,FALL,Adventure;Comedy;Fantasy;Slice of Life,Primarily Child Cast;Female Protagonist;Isekai;Cute Girls Doing Cute Things;Primarily Female Cast;Magic;Medieval;Food;Video Games;Henshin,70.0,2020-10-07,JP,288.0
Gaikotsu Shotenin Honda-san,Skull-face Bookseller Honda-san,TV_SHORT,12.0,12.0,MANGA,FALL,Comedy;Slice of Life,Work;Otaku Culture;Slapstick;Skeleton;Autobiographical;Urban;Episodic;Primarily Adult Cast;Surreal Comedy;Educational,70.0,2018-10-08,JP,144.0
Bakuretsu Tenshi,Burst Angel,TV,24.0,23.0,ORIGINAL,SPRING,Adventure;Comedy;Mecha;Sci-Fi,Dystopian;Robots;Real Robot;Female Protagonist;Guns;Primarily Female Cast;CGI;Kuudere;Food;Tokusatsu,63.0,2004-05-06,JP,552.0
Isekai Suicide Squad,Suicide Squad ISEKAI,TV,10.0,24.0,ORIGINAL,SUMMER,Action;Adventure;Fantasy;Sci-Fi,Isekai;Anti-Hero;Crime;Super Power;Superhero;Medieval;Female Protagonist;Primarily Adult Cast;Crossover;Magic,61.0,2024-06-27,JP,240.0
Na-Nare Hana-Nare,Narenare -Cheer for you!-,TV,12.0,24.0,ORIGINAL,SUMMER,Drama;Slice of Life;Sports,Female Protagonist;Primarily Female Cast;Cheerleading;Primarily Teen Cast;Acrobatics;Coming of Age;Rehabilitation;Disability;Cute Girls Doing Cute Things;Parkour,61.0,2024-07-07,JP,288.0
Shikanoko Nokonoko Koshitantan,My Deer Friend Nokotan,ONA,12.0,23.0,MANGA,SUMMER,Comedy;Fantasy;Slice of Life,Surreal Comedy;Animals;Slapstick;Female Protagonist;School Club;Meta;School;Cute Girls Doing Cute Things;Satire;Primarily Female Cast,67.0,2024-07-03,JP,276.0
Shoushimin Series,SHOSHIMIN: How to Become Ordinary,TV,10.0,23.0,OTHER,SUMMER,Mystery;Slice of Life,Detective;Primarily Teen Cast;Conspiracy;Revenge;Male Protagonist;Female Protagonist;Crime;School;Food;Mixed Media,74.0,2024-07-07,JP,230.0
Look Back,LOOK BACK,MOVIE,1.0,58.0,MANGA,SPRING,Drama;Slice of Life,Drawing;Female Protagonist;Coming of Age;Primarily Female Cast;Philosophy;Meta;Work;Rotoscoping;Hikikomori;Autobiographical,87.0,2024-06-28,JP,58.0
Gakkou no Kaidan,Ghost Stories,TV,19.0,25.0,OTHER,FALL,Horror;Mystery;Supernatural,Ghost;Primarily Child Cast;School;Episodic;Youkai;Male Protagonist;Curses;Female Protagonist;Urban Fantasy;Parody,74.0,2000-10-22,JP,475.0
Ao no Hako,Blue Box,ONA,25.0,24.0,MANGA,FALL,Romance;Slice of Life;Sports,Heterosexual;Primarily Teen Cast;School Club;Coming of Age;Athletics;Male Protagonist;Badminton;Unrequited Love;School;Love Triangle,81.0,2024-10-03,JP,600.0
Chi. Chikyuu no Undou ni Tsuite,Orb: On the Movements of the Earth,TV,25.0,25.0,MANGA,FALL,Drama,Astronomy;Philosophy;Religion;Ensemble Cast;Seinen;Foreign;Historical;Medieval;Fugitive;Meta,86.0,2024-10-05,JP,625.0
Dandadan,DAN DA DAN,TV,12.0,24.0,MANGA,FALL,Action;Comedy;Drama;Romance;Sci-Fi;Supernatural,Urban Fantasy;Youkai;Ghost;Aliens;Super Power;Surreal Comedy;Primarily Teen Cast;Shounen;Henshin;Heterosexual,84.0,2024-10-04,JP,288.0
Dragon Ball DAIMA,Dragon Ball DAIMA,TV,20.0,24.0,ORIGINAL,FALL,Action;Adventure,Demons;Super Power;Shounen;Age Regression;Primarily Child Cast;Male Protagonist;Martial Arts;Magic;Aliens;Gods,76.0,2024-10-11,JP,480.0
Mahoutsukai ni Narenakatta Onnanoko no Hanashi.,The Stories of Girls Who Couldn't Be Magicians,TV,12.0,24.0,OTHER,FALL,Fantasy,Boarding School;Witch;Female Protagonist;Magic;School;Animals;Conspiracy;Ensemble Cast;School Club;Shapeshifting,61.0,2024-10-05,JP,288.0
Ranma 1/2 (2024),Ranma1/2 (2024),TV,12.0,24.0,MANGA,FALL,Action;Comedy;Romance,Gender Bending;Arranged Marriage;Shapeshifting;Martial Arts;Tsundere;Episodic;Ensemble Cast;Tomboy;Cohabitation;Slapstick,79.0,2024-10-06,JP,288.0
Touhai: Ura Rate Mahjong Touhai Roku,Tohai - Ura Rate Mahjong Tohai Roku,TV,25.0,24.0,MANGA,FALL,Drama;Psychological;Sports,Mahjong;Yakuza;Seinen;Gambling;Criminal Organization;Gangs;Fugitive;Board Game;Crime;Death Game,61.0,2024-10-05,JP,600.0
Uzumaki,Uzumaki,TV,4.0,29.0,MANGA,FALL,Drama;Horror;Mystery;Psychological;Supernatural,Achromatic;Cosmic Horror;Body Horror;Gore;CGI;Rotoscoping;Natural Disaster;Denpa;Female Protagonist;Augmented Reality,55.0,2024-09-29,JP,116.0
SAKAMOTO DAYS,SAKAMOTO DAYS,ONA,11.0,24.0,MANGA,WINTER,Action;Comedy,Urban;Assassins;Found Family;Crime;Konbini;Super Power;Primarily Adult Cast;Family Life;Male Protagonist;Slapstick,76.0,2025-01-11,JP,264.0
Sorairo Utility (TV),Sorairo Utility (TV),TV,12.0,24.0,ORIGINAL,WINTER,Slice of Life;Sports,Female Protagonist;Golf;Cute Girls Doing Cute Things;Outdoor Activities;Primarily Female Cast;Urban;Iyashikei;Otaku Culture;Work;School,70.0,2025-01-04,JP,288.0
Übel Blatt,Übel Blatt,TV,12.0,24.0,MANGA,WINTER,Action;Adventure;Drama;Fantasy,Revenge;Anti-Hero;Magic;Travel;Elf;Swordplay;Male Protagonist;Seinen;Medieval;Gore,60.0,2025-01-11,JP,288.0
Deadman Wonderland,Deadman Wonderland,TV,12.0,24.0,MANGA,SPRING,Action;Drama;Sci-Fi;Supernatural,Prison;Survival;Super Power;Gore;Death Game;Anti-Hero;Body Horror;Shounen;Male Protagonist;Dissociative Identities,67.0,2011-04-17,JP,288.0
CITY THE ANIMATION,CITY THE ANIMATION,TV,13.0,27.0,MANGA,SUMMER,Comedy;Slice of Life,Urban;Slapstick;Ensemble Cast;Seinen;Surreal Comedy;Female Protagonist;Episodic;Philosophy;Primarily Adult Cast;Mixed Media,80.0,2025-07-07,JP,351.0
Gachiakuta,Gachiakuta,TV,24.0,24.0,MANGA,SUMMER,Action;Drama;Fantasy,Shounen;Urban Fantasy;Super Power;Dystopian;Ensemble Cast;Survival;Revenge;Post-Apocalyptic;Male Protagonist;Class Struggle,80.0,2025-07-06,JP,576.0
Hikaru ga Shinda Natsu,The Summer Hikaru Died,TV,12.0,23.0,MANGA,SUMMER,Horror;Mystery;Psychological;Supernatural;Thriller,Monster Boy;Rural;Male Protagonist;Cosmic Horror;Mythology;Body Horror;Urban Fantasy;Primarily Teen Cast;LGBTQ+ Themes;Seinen,81.0,2025-07-06,JP,276.0
Silent Witch: Chinmoku no Majo no Kakushigoto,Secrets of the Silent Witch,TV,13.0,24.0,LIGHT_NOVEL,SUMMER,Adventure;Fantasy,Female Protagonist;Magic;Witch;School;Royal Affairs;Primarily Teen Cast;Hikikomori;Politics;Coming of Age;Shoujo,81.0,2025-07-05,JP,312.0
Anne Shirley,Anne Shirley,TV,24.0,24.0,OTHER,SPRING,Drama;Slice of Life,Orphan;Female Protagonist;Coming of Age;Classic Literature;Parenthood;Rural;Historical;Iyashikei;Shoujo;Heterosexual,76.0,2025-04-05,JP,576.0
Kowloon Generic Romance,KOWLOON GENERIC ROMANCE,TV,13.0,25.0,MANGA,SPRING,Drama;Mystery;Romance;Sci-Fi;Slice of Life,Denpa;Dystopian;Conspiracy;Primarily Adult Cast;Female Protagonist;Urban;Heterosexual;Amnesia;Clone;Foreign,72.0,2025-04-05,JP,325.0
Lazarus,LAZARUS,TV,13.0,24.0,ORIGINAL,SPRING,Action;Sci-Fi,Ensemble Cast;Crime;Medicine;Urban;Fugitive;Environmental;Drugs;Anti-Hero;Found Family;Male Protagonist,70.0,2025-04-06,JP,312.0
mono,mono,TV,12.0,24.0,MANGA,SPRING,Comedy;Slice of Life,Travel;Cute Girls Doing Cute Things;Female Protagonist;Episodic;Iyashikei;Primarily Female Cast;Primarily Teen Cast;School Club;Food;Meta,76.0,2025-04-13,JP,288.0
Tu Bian Yingxiong X,To Be Hero X,ONA,24.0,24.0,ORIGINAL,SPRING,Action;Drama;Mystery;Supernatural,Dystopian;Superhero;Urban Fantasy;Conspiracy;Achronological Order;Tragedy;Super Power;Mixed Media;Philosophy;Ensemble Cast;Anti-Hero;Urban;CGI;Cyberpunk;Body Horror;Henshin;Idol;Cult;Suicide;Revenge;Satire;Assassins;Robots;Animals;Aliens;Heterosexual;Anthropomorphism;Creature Taming;Kaiju;Disability,85.0,2025-04-06,CN,576.0
Uchuujin MuuMuu,Me and the Alien MuMu,TV,24.0,24.0,MANGA,SPRING,Comedy;Mystery;Sci-Fi;Slice of Life,Educational;Aliens;Animals;College;Female Protagonist;Primarily Adult Cast;Seinen;School Club,62.0,2025-04-10,JP,576.0
Zatsu Tabi: That's Journey,ZatsuTabi -That's Journey-,TV,12.0,24.0,MANGA,SPRING,Adventure;Comedy;Drama;Slice of Life,Travel;Female Protagonist;Primarily Female Cast;Iyashikei;Cute Girls Doing Cute Things;Primarily Adult Cast;Seinen;Drawing;LGBTQ+ Themes;Trains,67.0,2025-04-07,JP,288.0
Ichigo Mashimaro,Strawberry Marshmallow,TV,12.0,24.0,MANGA,SUMMER,Comedy;Slice of Life,Cute Girls Doing Cute Things;Primarily Female Cast;Primarily Child Cast;Female Protagonist;School;Surreal Comedy;Language Barrier;Shounen,74.0,2005-07-15,JP,288.0
Gnosia,GNOSIA,TV,15.0,25.0,VIDEO_GAME,FALL,Drama;Mystery;Sci-Fi;Thriller,Time Loop;Aliens;Survival;Ensemble Cast;Space;Death Game;Artificial Intelligence;Primarily Adult Cast;Religion;Amnesia,74.0,2025-10-12,JP,375.0
SANDA,SANDA,TV,12.0,24.0,MANGA,FALL,Drama;Mystery,Male Protagonist;Female Protagonist;Coming of Age;Dystopian;Body Image;Shounen;Shapeshifting;Henshin;Surreal Comedy;LGBTQ+ Themes,72.0,2025-10-04,JP,288.0
Jouran: THE PRINCESS OF SNOW AND BLOOD,JORAN THE PRINCESS OF SNOW AND BLOOD,ONA,12.0,23.0,ORIGINAL,SPRING,Action;Supernatural,Revenge;Female Protagonist;Politics;Historical;Henshin;Anachronism;Swordplay;Espionage;Ensemble Cast;Guns,57.0,2021-03-31,JP,276.0
Yu☆Gi☆Oh! Duel Monsters,Yu-Gi-Oh!,TV,224.0,23.0,MANGA,SPRING,Adventure;Fantasy,Card Battle;Shounen;Proxy Battle;Historical;Urban Fantasy;Mythology;Male Protagonist;Magic;Dissociative Identities;Dragons,72.0,2000-04-18,JP,5152.0
Dragon Ball,Dragon Ball,TV,153.0,25.0,MANGA,WINTER,Action;Adventure;Comedy;Fantasy;Sci-Fi;Supernatural,Shounen;Martial Arts;Super Power;Travel;Coming of Age;Male Protagonist;Orphan;Battle Royale;Cultivation;Dragons,78.0,1986-02-26,JP,3825.0
Zankyou no Terror,Terror in Resonance,TV,11.0,23.0,ORIGINAL,SUMMER,Drama;Mystery;Psychological;Thriller,Terrorism;Anti-Hero;Detective;Crime;Revenge;Male Protagonist;Orphan;Urban;Police;Politics,78.0,2014-07-11,JP,253.0
Youkoso Jitsuryoku Shijou Shugi no Kyoushitsu e,Classroom of the Elite,TV,12.0,24.0,LIGHT_NOVEL,SUMMER,Drama;Psychological,School;Ensemble Cast;Coming of Age;Anti-Hero;Primarily Teen Cast;Male Protagonist;Philosophy;Aromantic;Survival;Battle Royale,76.0,2017-07-12,JP,288.0
GTO,GTO: Great Teacher Onizuka,TV,43.0,25.0,MANGA,SUMMER,Comedy;Drama;Slice of Life,Teacher;School;Work;Delinquents;Male Protagonist;Coming of Age;Kuudere;Educational;Satire;Bullying,84.0,1999-06-30,JP,1075.0
Naka no Hito Genome [Jikkyouchuu],The Ones Within,TV,12.0,24.0,MANGA,SUMMER,Adventure;Comedy;Drama;Mystery;Sci-Fi,Ensemble Cast;Conspiracy;Video Games;LGBTQ+ Themes;Virtual World;Death Game;Shoujo;Yandere;Tsundere;Gambling,66.0,2019-07-07,JP,288.0
Kamisama no Memochou,Heaven's Memo Pad,TV,12.0,24.0,LIGHT_NOVEL,SUMMER,Mystery,Hikikomori;Crime;Detective;Philosophy;Yakuza;Male Protagonist;Episodic;Gangs;Drugs;Noir,71.0,2011-07-02,JP,288.0
Toki wo Kakeru Shoujo,The Girl Who Leapt Through Time,MOVIE,1.0,97.0,OTHER,SUMMER,Drama;Romance;Sci-Fi,Coming of Age;Female Protagonist;Heterosexual;School;Primarily Teen Cast;Tomboy;Love Triangle;Baseball,78.0,2006-07-15,JP,97.0
Lucky☆Star,Lucky☆Star,TV,24.0,24.0,MANGA,SPRING,Comedy;Slice of Life,Cute Girls Doing Cute Things;Female Protagonist;Primarily Female Cast;Parody;Otaku Culture;Primarily Teen Cast;School;Ensemble Cast;Meta;Episodic,75.0,2007-04-08,JP,576.0
Kaguya-sama wa Kokurasetai: Tensaitachi no Renai Zunousen,Kaguya-sama: Love is War,TV,12.0,24.0,MANGA,WINTER,Comedy;Psychological;Romance;Slice of Life,School;Heterosexual;Tsundere;Primarily Teen Cast;School Club;Ojou-sama;Episodic;Slapstick;Female Protagonist;Parody,83.0,2019-01-12,JP,288.0
Gakuen Mokushiroku: HIGHSCHOOL OF THE DEAD,High School of the Dead,TV,12.0,24.0,MANGA,SUMMER,Action;Drama;Ecchi;Horror;Romance;Supernatural,Zombie;Survival;Pandemic;Gore;Male Protagonist;Large Breasts;Conspiracy;Ensemble Cast;Body Horror;Nudity,66.0,2010-07-05,JP,288.0
Nakitai Watashi wa Neko wo Kaburu,A Whisker Away,MOVIE,1.0,104.0,ORIGINAL,SPRING,Drama;Fantasy;Romance,Shapeshifting;Animals;Female Protagonist;Henshin;Kemonomimi;Family Life;Urban Fantasy;Heterosexual;School;Anthropomorphism,72.0,2020-06-18,JP,104.0
Kakushigoto,Kakushigoto,TV,12.0,24.0,MANGA,SPRING,Comedy;Slice of Life,Family Life;Work;Drawing;Coming of Age;Parenthood;Meta;Primarily Adult Cast;Slapstick;Female Protagonist;Amnesia,78.0,2020-04-02,JP,288.0
Kobayashi-san Chi no Maidragon,Miss Kobayashi's Dragon Maid,TV,13.0,24.0,MANGA,WINTER,Comedy;Fantasy;Slice of Life,Found Family;Dragons;Monster Girl;Family Life;Cute Girls Doing Cute Things;Female Protagonist;Primarily Female Cast;Maids;Magic;Episodic,77.0,2017-01-12,JP,312.0
Gakkou Gurashi!,SCHOOL-LIVE!,TV,12.0,24.0,MANGA,SUMMER,Horror;Mystery;Psychological;Slice of Life;Supernatural,Survival;School;Post-Apocalyptic;School Club;Zombie;Primarily Female Cast;Female Protagonist;Coming of Age;Yuri;Cute Girls Doing Cute Things,74.0,2015-07-09,JP,288.0
BIKINI WARRIORS,Bikini Warriors,TV_SHORT,12.0,5.0,OTHER,SUMMER,Action;Comedy;Ecchi;Fantasy,Female Protagonist;Satire;Nudity;Primarily Female Cast;LGBTQ+ Themes;Elf;Fairy;Magic;Yuri;Large Breasts,46.0,2015-07-08,JP,60.0
Houkago Teibou Nisshi,Diary of Our Days at the Breakwater,TV,12.0,24.0,MANGA,SPRING,Comedy;Slice of Life;Sports,Fishing;School Club;Cute Girls Doing Cute Things;Primarily Female Cast;Female Protagonist;Outdoor Activities;Primarily Teen Cast;Iyashikei;Food;Coastal,71.0,2020-04-07,JP,288.0
Fugou Keiji: Balance:UNLIMITED,The Millionaire Detective - Balance: UNLIMITED,TV,11.0,23.0,OTHER,SPRING,Action;Comedy;Mystery;Sci-Fi,Detective;Police;Crime;Male Protagonist;Primarily Adult Cast;Primarily Male Cast;Urban;Artificial Intelligence;Cars;Butler,74.0,2020-04-10,JP,253.0
Mahoutsukai no Yome,The Ancient Magus' Bride,TV,24.0,25.0,MANGA,FALL,Drama;Fantasy;Romance;Slice of Life;Supernatural,Magic;Female Protagonist;Fairy;Mythology;Monster Boy;Found Family;Urban Fantasy;Teacher;Skeleton;Heterosexual,78.0,2017-10-08,JP,600.0
A-Channel,A-Channel,TV,12.0,24.0,MANGA,SPRING,Comedy;Slice of Life,Cute Girls Doing Cute Things;Primarily Female Cast;Episodic;Female Protagonist;Primarily Teen Cast;School;Chibi;Seinen;Kuudere,66.0,2011-04-08,JP,288.0
Zombie Land Saga,ZOMBIE LAND SAGA,TV,12.0,24.0,ORIGINAL,FALL,Comedy;Music;Supernatural,Zombie;Idol;Monster Girl;Primarily Female Cast;Surreal Comedy;Female Protagonist;Satire;Necromancy;Parody;Body Image,74.0,2018-10-04,JP,288.0
Tachibanakan To Lie Angle,Love To-LIE-Angle,TV_SHORT,12.0,4.0,MANGA,SPRING,Comedy;Ecchi;Slice of Life,Yuri;Female Protagonist;Love Triangle;Cute Girls Doing Cute Things;Primarily Female Cast;LGBTQ+ Themes;Nudity,52.0,2018-04-04,JP,48.0
SK∞,SK8 the Infinity,TV,12.0,24.0,ORIGINAL,WINTER,Action;Drama;Sports,Skateboarding;Male Protagonist;Primarily Male Cast;Ensemble Cast;Parkour;Cute Boys Doing Cute Things;Found Family;Urban;Slapstick;LGBTQ+ Themes,79.0,2021-01-10,JP,288.0
Ura Sekai Picnic,Otherside Picnic,TV,12.0,24.0,OTHER,WINTER,Adventure;Fantasy;Mystery;Sci-Fi;Supernatural,Urban Fantasy;Female Protagonist;Primarily Female Cast;Survival;Yuri;Cosmic Horror;Episodic;Primarily Adult Cast;Mythology;Guns,63.0,2021-01-04,JP,288.0
Hataraku Saibou,Cells at Work!,TV,13.0,24.0,MANGA,SUMMER,Action;Comedy;Sci-Fi,Educational;Work;Medicine;Episodic;Anthropomorphism;Female Protagonist;Slapstick;Primarily Adult Cast;Ensemble Cast;Gore,73.0,2018-07-08,JP,312.0
Magia Record: Mahou Shoujo Madoka☆Magica Gaiden,Magia Record: Puella Magi Madoka Magica Side Story,TV,13.0,24.0,VIDEO_GAME,WINTER,Drama;Mahou Shoujo;Mystery;Psychological;Thriller,Magic;Urban Fantasy;Primarily Female Cast;Female Protagonist;Henshin;Witch;Primarily Teen Cast;Memory Manipulation;Cult;Twins,65.0,2020-01-05,JP,312.0
Kokoro ga Sakebitagatterun da.,The Anthem of the Heart,MOVIE,1.0,119.0,ORIGINAL,SUMMER,Drama;Music;Psychological;Romance;Slice of Life,Rehabilitation;School;Coming of Age;Musical Theater;Female Protagonist;Love Triangle;Primarily Teen Cast;Heterosexual;Family Life;Hikikomori,76.0,2015-09-19,JP,119.0
Wotaku ni Koi wa Muzukashii,Wotakoi: Love is Hard for Otaku,TV,11.0,23.0,MANGA,SPRING,Comedy;Romance;Slice of Life,Otaku Culture;Primarily Adult Cast;Josei;Office Lady;Female Protagonist;Video Games;Work;Episodic;Male Protagonist;Urban,78.0,2018-04-13,JP,253.0
Dounika Naru Hibi,Happy-Go-Lucky Days,MOVIE,1.0,54.0,MANGA,FALL,Drama;Romance;Slice of Life,Anthology;LGBTQ+ Themes;Coming of Age;Yuri;Heterosexual;Female Protagonist;Male Protagonist;Boys' Love;Primarily Child Cast;Bisexual,51.0,2020-10-23,JP,54.0
Joshikousei,Girl's High,TV,12.0,24.0,MANGA,SPRING,Comedy;Drama;Ecchi,School;Seinen;Ensemble Cast;Female Protagonist;Primarily Female Cast;Cute Girls Doing Cute Things,61.0,2006-04-03,JP,288.0
Sen to Chihiro no Kamikakushi,Spirited Away,MOVIE,1.0,125.0,ORIGINAL,SUMMER,Adventure;Drama;Fantasy;Supernatural,Coming of Age;Female Protagonist;Youkai;Isekai;Shapeshifting;Magic;Urban Fantasy;Mythology;Work;Curses,86.0,2001-07-20,JP,125.0
Meikyuu Black Company,The Dungeon of Black Company,TV,12.0,24.0,MANGA,SUMMER,Comedy;Fantasy,Work;Dungeon;Satire;Isekai;Parody;Anti-Hero;Villainess;Demons;Male Protagonist;Economics,70.0,2021-07-09,JP,288.0
Tsuki to Laika to Nosferatu,Irina: The Vampire Cosmonaut,TV,12.0,24.0,LIGHT_NOVEL,FALL,Drama;Romance;Sci-Fi;Supernatural,Space;Vampire;Foreign;Historical;Tsundere;Politics;Heterosexual;War;Military;Aviation,72.0,2021-10-04,JP,288.0
Visual Prison,VISUAL PRISON,TV,12.0,24.0,ORIGINAL,FALL,Music;Supernatural,Vampire;Idol;Primarily Male Cast;Band;Male Protagonist;CGI;Urban;Dissociative Identities;LGBTQ+ Themes;Orphan,59.0,2021-10-09,JP,288.0
Dolls' Frontline,Girls’ Frontline,TV,12.0,25.0,VIDEO_GAME,WINTER,Action;Drama,Guns;Artificial Intelligence;War;Primarily Female Cast;Military;Female Protagonist;Robots;Conspiracy;Memory Manipulation;Amnesia,53.0,2022-01-08,JP,300.0
Hakozume: Kouban Joshi no Gyakushuu,Police in a Pod,TV,13.0,24.0,MANGA,WINTER,Comedy;Drama;Slice of Life,Police;Primarily Adult Cast;Work;Female Protagonist;Crime;Urban;Episodic;Seinen;Delinquents;Educational,68.0,2022-01-05,JP,312.0
Tensai Ouji no Akaji Kokka Saisei Jutsu,The Genius Prince's Guide to Raising a Nation Out of Debt,TV,12.0,24.0,LIGHT_NOVEL,WINTER,Comedy;Fantasy,Politics;Kingdom Management;Male Protagonist;Military;Economics;Heterosexual;War;Conspiracy;Royal Affairs;Religion,72.0,2022-01-11,JP,288.0
"Gaikotsu Kishi-sama, Tadaima Isekai e Odekakechuu",Skeleton Knight in Another World,TV,12.0,24.0,LIGHT_NOVEL,SPRING,Action;Adventure;Comedy;Fantasy,Skeleton;Isekai;Male Protagonist;Magic;Slavery;Swordplay;Elf;Conspiracy;Ninja;Kemonomimi,70.0,2022-04-07,JP,288.0
SPY×FAMILY,SPY x FAMILY,TV,12.0,24.0,MANGA,SPRING,Action;Comedy;Slice of Life;Supernatural,Espionage;Family Life;Found Family;Fake Relationship;Assassins;Conspiracy;Shounen;Adoption;Male Protagonist;Female Protagonist,83.0,2022-04-09,JP,288.0
Little Witch Academia (TV),Little Witch Academia (TV),TV,25.0,24.0,ORIGINAL,WINTER,Comedy;Fantasy,Magic;Witch;School;Boarding School;Female Protagonist;Primarily Female Cast;Episodic;Cute Girls Doing Cute Things;Urban Fantasy;Primarily Teen Cast,77.0,2017-01-09,JP,600.0
Akiba Meido Sensou,Akiba Maid War,TV,12.0,24.0,ORIGINAL,FALL,Action;Comedy;Drama,Yakuza;Maids;Primarily Female Cast;Crime;Gangs;Female Protagonist;Work;Guns;Parody;Primarily Adult Cast,74.0,2022-10-07,JP,288.0
Mononogatari,Malevolent Spirits: Mononogatari,TV,12.0,24.0,MANGA,WINTER,Action;Supernatural,Youkai;Ensemble Cast;Found Family;Martial Arts;Heterosexual;Primarily Adult Cast;Urban Fantasy;Seinen;Shapeshifting;Urban,69.0,2023-01-10,JP,288.0
NieR:Automata Ver1.1a,NieR:Automata Ver1.1a,TV,12.0,24.0,VIDEO_GAME,WINTER,Action;Drama;Fantasy;Psychological;Sci-Fi,Artificial Intelligence;Robots;Lost Civilization;Post-Apocalyptic;Female Protagonist;Philosophy;Anthropomorphism;Aliens;Swordplay;CGI,73.0,2023-01-08,JP,288.0
Spy Kyoushitsu,Spy Classroom,TV,12.0,26.0,LIGHT_NOVEL,WINTER,Action;Comedy;Drama;Mystery,Espionage;Primarily Female Cast;Ensemble Cast;Crime;Achronological Order;Urban Fantasy;Guns;Female Protagonist;Cute Girls Doing Cute Things;Male Protagonist,61.0,2023-01-05,JP,312.0
"Tearmoon Teikoku Monogatari: Dantoudai kara Hajimaru, Hime no Tensei Gyakuten Story",Tearmoon Empire,TV,12.0,24.0,LIGHT_NOVEL,FALL,Drama;Fantasy;Romance,Female Protagonist;Royal Affairs;Age Regression;Conspiracy;Ojou-sama;Shoujo;Politics;Villainess;Economics;School,71.0,2023-10-08,JP,288.0
Eizouken ni wa Te wo Dasu na!,Keep Your Hands Off Eizouken!,TV,12.0,25.0,MANGA,WINTER,Adventure;Comedy;Slice of Life,Drawing;School Club;Primarily Teen Cast;Primarily Female Cast;Female Protagonist;Otaku Culture;Urban;Cute Girls Doing Cute Things;Surreal Comedy;Coming of Age,80.0,2020-01-06,JP,300.0
Kimitachi wa Dou Ikiru ka,The Boy and the Heron,MOVIE,1.0,124.0,ORIGINAL,SUMMER,Adventure;Drama;Fantasy;Supernatural,Fairy Tale;Coming of Age;Animals;Isekai;Shapeshifting;Urban Fantasy;Anthropomorphism;Philosophy;Autobiographical;Male Protagonist,77.0,2023-07-14,JP,124.0
Kyuujitsu no Warumono-san,Mr. Villain's Day Off,TV,12.0,24.0,MANGA,WINTER,Comedy;Slice of Life,Male Protagonist;Iyashikei;Primarily Adult Cast;Monster Boy;Urban;Aliens;Animals;Shoujo;Tokusatsu;Konbini,71.0,2024-01-08,JP,288.0
Ore dake Level Up na Ken,Solo Leveling,TV,12.0,24.0,OTHER,WINTER,Action;Adventure;Fantasy,Dungeon;Male Protagonist;Urban Fantasy;Super Power;Magic;Necromancy;Cultivation;Survival;War;Gore,82.0,2024-01-07,JP,288.0
Jii-san Baa-san Wakagaeru,Grandpa and Grandma Turn Young Again,TV,11.0,24.0,MANGA,SPRING,Comedy;Fantasy;Romance;Slice of Life,Age Regression;Heterosexual;Family Life;Elderly Protagonist;Rural;Episodic;Primarily Adult Cast;Female Protagonist;Male Protagonist;Iyashikei,71.0,2024-04-07,JP,264.0
Yoru no Kurage wa Oyogenai,Jellyfish Can’t Swim in the Night,TV,12.0,24.0,ORIGINAL,SPRING,Drama;Music;Slice of Life,Female Protagonist;Primarily Female Cast;Primarily Teen Cast;Coming of Age;Drawing;Urban;Band;Idol;Cute Girls Doing Cute Things;Hikikomori,77.0,2024-04-07,JP,288.0
Nige Jouzu no Wakagimi,The Elusive Samurai,TV,12.0,24.0,MANGA,SUMMER,Action;Adventure;Supernatural,Historical;War;Samurai;Swordplay;Male Protagonist;Fugitive;Demons;Primarily Child Cast;Revenge;Urban Fantasy,77.0,2024-07-06,JP,288.0
NHK ni Youkoso!,Welcome to the N-H-K,TV,24.0,24.0,LIGHT_NOVEL,SUMMER,Comedy;Drama;Psychological;Romance;Slice of Life,Hikikomori;Rehabilitation;Male Protagonist;Otaku Culture;Conspiracy;Denpa;Philosophy;Suicide;Primarily Adult Cast;Coming of Age,82.0,2006-07-10,JP,576.0
Guimi Zhi Zhu,Lord of Mysteries,ONA,13.0,35.0,OTHER,SPRING,Action;Drama;Fantasy;Mystery;Supernatural;Thriller,Conspiracy;Male Protagonist;Magic;Religion;Cult;Gods;Cosmic Horror;Gore;Body Horror;Steampunk;Primarily Adult Cast;Tragedy;Lost Civilization;Isekai;Alchemy;Cultivation;Acting;Astronomy;Dissociative Identities;CGI;Espionage;Reincarnation;Guns;Angels;Anti-Hero;Episodic;Acrobatics;Gender Bending,84.0,2025-06-28,CN,455.0
Yuu☆Yuu☆Hakusho,Yu Yu Hakusho: Ghostfiles,TV,112.0,24.0,MANGA,FALL,Action;Adventure;Comedy;Supernatural,Coming of Age;Shounen;Demons;Philosophy;Super Power;Delinquents;Urban Fantasy;Martial Arts;Male Protagonist;Primarily Male Cast,82.0,1992-10-10,JP,2688.0
3-nen Z-gumi Ginpachi-sensei,GINTAMA - Mr. Ginpachi's Zany Class,TV,12.0,24.0,LIGHT_NOVEL,FALL,Comedy,School;Surreal Comedy;Parody;Aliens;Educational;Shounen,78.0,2025-10-07,JP,288.0
